0,-21.20000076
4.00E-03,-21.20000076
8.00E-03,-21.20000076
1.20E-02,-21.20000076
1.60E-02,-21.20000076
2.00E-02,-21.20000076
2.40E-02,-21.20000076
2.80E-02,-21.20000076
3.20E-02,-21.20000076
3.60E-02,-21.20000076
4.00E-02,-21.20000076
4.40E-02,-21.20000076
4.80E-02,-21.20000076
5.20E-02,-21.20000076
5.60E-02,-21.20000076
6.00E-02,-21.20000076
6.40E-02,-21.20000076
6.80E-02,-21.20000076
7.20E-02,-21.20000076
7.60E-02,-21.20000076
8.00E-02,-21.20000076
8.40E-02,-21.20000076
8.80E-02,-21.20000076
9.20E-02,-21.20000076
9.60E-02,-21.20000076
1.00E-01,-21.20000076
1.04E-01,-21.20000076
1.08E-01,-21.20000076
1.12E-01,-21.20000076
1.16E-01,-21.20000076
1.20E-01,-21.20000076
1.24E-01,-21.20000076
1.28E-01,-21.20000076
1.32E-01,-21.20000076
1.36E-01,-21.20000076
1.40E-01,-21.20000076
1.44E-01,-21.20000076
1.48E-01,-21.20000076
1.52E-01,-21.20000076
1.56E-01,-21.20000076
1.60E-01,-21.20000076
1.64E-01,-21.20000076
1.68E-01,-21.20000076
1.72E-01,-21.20000076
1.76E-01,-21.20000076
1.80E-01,-21.20000076
1.84E-01,-21.20000076
1.88E-01,-21.20000076
1.92E-01,-21.20000076
1.96E-01,-21.20000076
2.00E-01,-21.20000076
2.04E-01,-21.20000076
2.08E-01,-21.20000076
2.12E-01,-21.20000076
2.16E-01,-21.20000076
2.20E-01,-21.20000076
2.24E-01,-21.20000076
2.28E-01,-21.20000076
2.32E-01,-21.20000076
2.36E-01,-21.20000076
2.40E-01,-21.20000076
2.44E-01,-21.20000076
2.48E-01,-21.20000076
2.52E-01,-21.20000076
2.56E-01,-21.20000076
2.60E-01,-21.20000076
2.64E-01,-21.20000076
2.68E-01,-21.20000076
2.72E-01,-21.20000076
2.76E-01,-21.20000076
2.80E-01,-21.20000076
2.84E-01,-21.20000076
2.88E-01,-21.20000076
2.92E-01,-21.20000076
2.96E-01,-21.20000076
3.00E-01,-21.20000076
3.04E-01,-21.20000076
3.08E-01,-21.20000076
3.12E-01,-21.20000076
3.16E-01,-21.20000076
3.20E-01,-21.20000076
3.24E-01,-21.20000076
3.28E-01,-21.20000076
3.32E-01,-21.20000076
3.36E-01,-21.20000076
3.40E-01,-21.20000076
3.44E-01,-21.20000076
3.48E-01,-21.20000076
3.52E-01,-21.20000076
3.56E-01,-21.20000076
3.60E-01,-21.20000076
3.64E-01,-21.20000076
3.68E-01,-21.20000076
3.72E-01,-21.20000076
3.76E-01,-21.20000076
3.80E-01,-21.20000076
3.84E-01,-21.20000076
3.88E-01,-21.20000076
3.92E-01,-21.20000076
3.96E-01,-21.20000076
4.00E-01,-21.20000076
4.04E-01,-21.20000076
4.08E-01,-21.20000076
4.12E-01,-21.20000076
4.16E-01,-21.20000076
4.20E-01,-21.20000076
4.24E-01,-21.20000076
4.28E-01,-21.20000076
4.32E-01,-21.20000076
4.36E-01,-21.20000076
4.40E-01,-21.20000076
4.44E-01,-21.20000076
4.48E-01,-21.20000076
4.52E-01,-21.20000076
4.56E-01,-21.20000076
4.60E-01,-21.20000076
4.64E-01,-21.20000076
4.68E-01,-21.20000076
4.72E-01,-21.20000076
4.76E-01,-21.20000076
4.80E-01,-21.20000076
4.84E-01,-21.20000076
4.88E-01,-21.20000076
4.92E-01,-21.20000076
4.96E-01,-21.20000076
5.00E-01,-21.20000076
5.04E-01,-21.20000076
5.08E-01,-21.20000076
5.12E-01,-21.20000076
5.16E-01,-21.20000076
5.20E-01,-21.20000076
5.24E-01,-21.20000076
5.28E-01,-21.20000076
5.32E-01,-21.20000076
5.36E-01,-21.20000076
5.40E-01,-21.20000076
5.44E-01,-21.20000076
5.48E-01,-21.20000076
5.52E-01,-21.20000076
5.56E-01,-21.20000076
5.60E-01,-21.20000076
5.64E-01,-21.20000076
5.68E-01,-21.20000076
5.72E-01,-21.20000076
5.76E-01,-21.20000076
5.80E-01,-21.20000076
5.84E-01,-21.20000076
5.88E-01,-21.20000076
5.92E-01,-21.20000076
5.96E-01,-21.20000076
6.00E-01,-21.20000076
6.04E-01,-21.20000076
6.08E-01,-21.20000076
6.12E-01,-21.20000076
6.16E-01,-21.20000076
6.20E-01,-21.20000076
6.24E-01,-21.20000076
6.28E-01,-21.20000076
6.32E-01,-21.20000076
6.36E-01,-21.20000076
6.40E-01,-21.20000076
6.44E-01,-21.20000076
6.48E-01,-21.20000076
6.52E-01,-21.20000076
6.56E-01,-21.20000076
6.60E-01,-21.20000076
6.64E-01,-21.20000076
6.68E-01,-21.20000076
6.72E-01,-21.20000076
6.76E-01,-21.20000076
6.80E-01,-21.20000076
6.84E-01,-21.20000076
6.88E-01,25.20000076
6.92E-01,25.60000038
6.96E-01,26
7.00E-01,26.39999962
7.04E-01,27.20000076
7.08E-01,26.80000114
7.12E-01,27.20000076
7.16E-01,27.60000038
7.20E-01,28
7.24E-01,28
7.28E-01,28.39999962
7.32E-01,29.20000076
7.36E-01,29.20000076
7.40E-01,29.60000038
7.44E-01,29.60000038
7.48E-01,30.39999962
7.52E-01,30.39999962
7.56E-01,30.80000114
7.60E-01,31.20000076
7.64E-01,31.20000076
7.68E-01,31.60000038
7.72E-01,32
7.76E-01,32
7.80E-01,32
7.84E-01,32.79999924
7.88E-01,33.20000076
7.92E-01,33.20000076
7.96E-01,33.60000229
8.00E-01,34
8.04E-01,34.40000153
8.08E-01,34.40000153
8.12E-01,34.79999924
8.16E-01,35.20000076
8.20E-01,35.60000229
8.24E-01,35.60000229
8.28E-01,36
8.32E-01,36.40000153
8.36E-01,36
8.40E-01,36.79999924
8.44E-01,37.60000229
8.48E-01,37.60000229
8.52E-01,38
8.56E-01,38
8.60E-01,38.40000153
8.64E-01,38.79999924
8.68E-01,39.20000076
8.72E-01,39.20000076
8.76E-01,39.60000229
8.80E-01,39.60000229
8.84E-01,40
8.88E-01,40.40000153
8.92E-01,40.40000153
8.96E-01,41.20000076
9.00E-01,41.60000229
9.04E-01,41.60000229
9.08E-01,42
9.12E-01,42
9.16E-01,42.40000153
9.20E-01,42.40000153
9.24E-01,43.20000076
9.28E-01,43.60000229
9.32E-01,43.60000229
9.36E-01,44
9.40E-01,44
9.44E-01,44.40000153
9.48E-01,44.40000153
9.52E-01,45.20000076
9.56E-01,45.60000229
9.60E-01,45.60000229
9.64E-01,46
9.68E-01,46
9.72E-01,46.79999924
9.76E-01,46.79999924
9.80E-01,47.20000076
9.84E-01,48
9.88E-01,48
9.92E-01,48
9.96E-01,48.40000153
1,48.79999924
1.0040001,48.79999924
1.008,49.20000076
1.0120001,49.60000229
1.016,50
1.0200001,50.40000153
1.024,50.40000153
1.028,50.79999924
1.0320001,50.40000153
1.036,51.20000076
1.0400001,50.79999924
1.044,50.79999924
1.0480001,50.79999924
1.052,50.79999924
1.056,50.79999924
1.0600001,50.79999924
1.064,50.79999924
1.0680001,50.79999924
1.072,50.79999924
1.0760001,50.40000153
1.08,50.79999924
1.0840001,50.79999924
1.0880001,50.79999924
1.092,50.40000153
1.0960001,50.79999924
1.1,50.40000153
1.1040001,50.79999924
1.108,50.79999924
1.1120001,50.79999924
1.1160001,50.79999924
1.12,50.40000153
1.1240001,50.40000153
1.128,50.79999924
1.1320001,50
1.136,50.40000153
1.1400001,50.40000153
1.1440001,50
1.148,50
1.1520001,50
1.156,50
1.1600001,49.60000229
1.164,49.60000229
1.1680001,49.60000229
1.1720001,49.60000229
1.176,49.60000229
1.1800001,49.60000229
1.184,49.20000076
1.1880001,49.20000076
1.192,49.20000076
1.1960001,49.20000076
1.2,48.79999924
1.2040001,48.79999924
1.2080001,48.79999924
1.212,48.40000153
1.2160001,48.40000153
1.22,48
1.2240001,48.40000153
1.228,48
1.2320001,48
1.2360001,48
1.24,47.60000229
1.2440001,48
1.248,47.60000229
1.2520001,47.60000229
1.256,47.20000076
1.2600001,47.60000229
1.2640001,47.20000076
1.268,46.79999924
1.2720001,46.79999924
1.276,46.79999924
1.2800001,46.79999924
1.284,46.40000153
1.2880001,46
1.2920001,46
1.296,46
1.3000001,45.60000229
1.304,45.60000229
1.3080001,45.60000229
1.312,45.20000076
1.3160001,45.20000076
1.3200001,44.79999924
1.3240001,44.40000153
1.3280001,44.40000153
1.332,44
1.3360001,44
1.34,44
1.3440001,44
1.348,43.60000229
1.3520001,43.60000229
1.3560001,43.20000076
1.36,42.79999924
1.3640001,43.20000076
1.368,42.40000153
1.3720001,42.40000153
1.376,42
1.3800001,41.60000229
1.3840001,41.60000229
1.388,41.60000229
1.3920001,41.20000076
1.396,40.79999924
1.4000001,40.79999924
1.404,40.40000153
1.4080001,40.40000153
1.4120001,40
1.416,40
1.4200001,40
1.424,39.60000229
1.4280001,39.20000076
1.432,38.79999924
1.4360001,38.79999924
1.4400001,38.40000153
1.4440001,38.40000153
1.4480001,38
1.452,37.60000229
1.4560001,37.60000229
1.46,37.60000229
1.4640001,36.79999924
1.4680001,36.79999924
1.4720001,36
1.4760001,36.40000153
1.48,35.60000229
1.4840001,36
1.488,35.60000229
1.4920001,34.79999924
1.4960001,35.20000076
1.5000001,34.40000153
1.5040001,34.40000153
1.508,34
1.5120001,34
1.516,33.60000229
1.5200001,33.20000076
1.524,33.20000076
1.5280001,32.40000153
1.5320001,32.40000153
1.536,32
1.5400001,32
1.544,31.60000038
1.5480001,31.20000076
1.552,31.20000076
1.5560001,30.80000114
1.5600001,30.39999962
1.5640001,30
1.5680001,30
1.572,29.60000038
1.5760001,29.20000076
1.58,29.20000076
1.5840001,28.80000114
1.5880001,28.39999962
1.5920001,28
1.5960001,28
1.6,27.20000076
1.6040001,26.80000114
1.608,26.80000114
1.6120001,26
1.6160001,26.39999962
1.6200001,25.60000038
1.6240001,25.60000038
1.628,25.20000076
1.6320001,24.39999962
1.636,24.39999962
1.6400001,24
1.6440001,24
1.6480001,23.20000076
1.6520001,23.60000038
1.6560001,22.80000114
1.6600001,22
1.664,22.39999962
1.6680001,22
1.6720001,21.60000038
1.6760001,21.60000038
1.6800001,21.20000076
1.6840001,20.80000114
1.6880001,20
1.692,20
1.6960001,19.2000008
1.7,19.2000008
1.7040001,19.2000008
1.7080001,18.8000011
1.7120001,18.3999996
1.7160001,18
1.72,18
1.7240001,17.6000004
1.728,17.2000008
1.7320001,16.8000011
1.7360001,16.8000011
1.7400001,16
1.7440001,15.6000004
1.748,15.6000004
1.7520001,15.1999998
1.756,15.1999998
1.7600001,14.4000006
1.7640001,14.4000006
1.7680001,14
1.7720001,13.1999998
1.7760001,13.1999998
1.7800001,12.8000002
1.784,12.8000002
1.7880001,11.6000004
1.7920001,11.6000004
1.7960001,11.6000004
1.8000001,11.1999998
1.8040001,10.8000002
1.8080001,10.4000006
1.812,10.4000006
1.8160001,10
1.8200001,10
1.8240001,9.199999809
1.8280001,8.800000191
1.8320001,8.800000191
1.8360001,8
1.84,8
1.8440001,7.20000029
1.848,7.20000029
1.8520001,6.80000019
1.8560001,6.4000001
1.8600001,6.4000001
1.8640001,5.5999999
1.868,6
1.8720001,5.20000029
1.876,5.20000029
1.8800001,4.80000019
1.8840001,4
1.8880001,4
1.8920001,3.60000014
1.8960001,3.60000014
1.9000001,2.79999995
1.904,3.20000005
1.9080001,2.4000001
1.9120001,2
1.9160001,2
1.9200001,1.2
1.9240001,1.2
1.9280001,8.00E-01
1.932,8.00E-01
1.9360001,8.00E-01
1.9400001,8.00E-01
1.9440001,4.00E-01
1.9480001,8.00E-01
1.9520001,8.00E-01
1.9560001,0
1.96,0
1.9640001,0
1.9680001,0
1.9720001,0
1.9760001,0
1.9800001,0
1.9840001,0
1.988,0
1.9920001,0
1.9960001,0
2,0
2.0040002,0
2.0080001,4.00E-01
2.0120001,4.00E-01
2.016,4.00E-01
2.02,0
2.0240002,4.00E-01
2.0280001,4.00E-01
2.0320001,8.00E-01
2.036,8.00E-01
2.0400002,8.00E-01
2.0440001,8.00E-01
2.0480001,8.00E-01
2.052,8.00E-01
2.056,1.2
2.0600002,1.2
2.0640001,1.6
2.0680001,1.2
2.072,1.6
2.0760002,1.2
2.0800002,1.6
2.0840001,1.6
2.0880001,1.6
2.092,2
2.0960002,1.6
2.1000001,2
2.1040001,2
2.108,2
2.112,2
2.1160002,2
2.1200001,2.4000001
2.1240001,2.4000001
2.128,2.79999995
2.1320002,2.79999995
2.1360002,3.20000005
2.1400001,2.79999995
2.1440001,3.20000005
2.148,3.20000005
2.1520002,3.60000014
2.1560001,3.60000014
2.1600001,3.60000014
2.164,3.60000014
2.1680002,4
2.1720002,4
2.1760001,4.4000001
2.1800001,4
2.184,4.4000001
2.1880002,4.4000001
2.1920002,4.80000019
2.1960001,5.20000029
2.2,5.20000029
2.204,5.20000029
2.2080002,5.20000029
2.2120001,5.5999999
2.2160001,5.5999999
2.22,6
2.2240002,6.4000001
2.2280002,6
2.2320001,6.4000001
2.2360001,6.4000001
2.24,6.80000019
2.2440002,6.80000019
2.2480001,7.20000029
2.2520001,7.599999905
2.256,7.20000029
2.26,7.599999905
2.2640002,8
2.2680001,8
2.2720001,8
2.276,8.800000191
2.2800002,8.800000191
2.2840002,9.199999809
2.2880001,9.199999809
2.2920001,9.199999809
2.296,9.600000381
2.3000002,9.199999809
2.3040001,10
2.3080001,10.4000006
2.312,10.4000006
2.3160002,10.8000002
2.3200002,10.8000002
2.3240001,11.1999998
2.3280001,11.1999998
2.332,11.6000004
2.3360002,12
2.3400002,11.6000004
2.3440001,12.4000006
2.348,12.4000006
2.352,12.8000002
2.3560002,12.8000002
2.3600001,13.1999998
2.3640001,13.6000004
2.368,13.6000004
2.3720002,14.4000006
2.3760002,14
2.3800001,14.4000006
2.3840001,14.4000006
2.388,15.1999998
2.3920002,15.6000004
2.3960001,15.6000004
2.4000001,16
2.404,15.6000004
2.4080002,16
2.4120002,16
2.4160001,17.2000008
2.4200001,17.2000008
2.424,17.2000008
2.4280002,17.6000004
2.4320002,18
2.4360001,18
2.4400001,18.3999996
2.444,18.8000011
2.4480002,19.2000008
2.4520001,19.2000008
2.4560001,19.6000004
2.46,19.6000004
2.4640002,20
2.4680002,20
2.4720001,20.80000114
2.4760001,21.20000076
2.48,21.20000076
2.4840002,21.60000038
2.4880002,22
2.4920001,22
2.4960001,22
2.5,22.80000114
2.5040002,23.20000076
2.5080001,22.80000114
2.5120001,23.60000038
2.516,23.60000038
2.5200002,24.39999962
2.5240002,24
2.5280001,24.80000114
2.5320001,25.60000038
2.536,25.20000076
2.5400002,26
2.5440001,26
2.5480001,26.39999962
2.552,26.39999962
2.5560002,26.80000114
2.5600002,27.60000038
2.5640001,27.60000038
2.5680001,27.60000038
2.572,28
2.5760002,28.80000114
2.5800002,28.80000114
2.5840001,29.20000076
2.5880001,30
2.592,30
2.5960002,30.39999962
2.6000001,30.39999962
2.6040001,30.80000114
2.608,30.80000114
2.6120002,31.20000076
2.6160002,32
2.6200001,31.60000038
2.6240001,32.40000153
2.628,32
2.6320002,33.20000076
2.6360002,33.20000076
2.6400001,33.20000076
2.6440001,34
2.6480002,34
2.6520002,34.40000153
2.6560001,34.40000153
2.6600001,35.20000076
2.664,35.20000076
2.6680002,35.60000229
2.6720002,36
2.6760001,36
2.6800001,36.40000153
2.684,36.40000153
2.6880002,37.20000076
2.6920002,37.20000076
2.6960001,37.60000229
2.7,38
2.7040002,38.40000153
2.7080002,38.79999924
2.7120001,38.79999924
2.7160001,39.20000076
2.72000003,39.20000076
2.72400022,39.60000229
2.72800016,40
2.73200011,40
2.73600006,40.40000153
2.74000025,40.79999924
2.7440002,41.20000076
2.74800014,41.20000076
2.75200009,42
2.75600004,42
2.76000023,42.40000153
2.76400018,43.20000076
2.76800013,42.79999924
2.77200007,43.60000229
2.77600002,43.60000229
2.78000021,44
2.78400016,44.40000153
2.78800011,44.40000153
2.79200006,45.20000076
2.79600024,45.20000076
2.80000019,45.60000229
2.80400014,45.60000229
2.80800009,46
2.81200004,46.40000153
2.81600022,46.40000153
2.82000017,47.20000076
2.82400012,46.79999924
2.82800007,47.60000229
2.83200002,47.60000229
2.8360002,48.40000153
2.84000015,48.79999924
2.8440001,48.40000153
2.84800005,49.20000076
2.85200024,49.20000076
2.85600019,49.60000229
2.86000013,49.60000229
2.86400008,50.40000153
2.86800003,50.79999924
2.87200022,50.79999924
2.87600017,50.79999924
2.88000011,50.79999924
2.88400006,50.79999924
2.88800025,50.79999924
2.8920002,50.79999924
2.89600015,50.79999924
2.9000001,50.79999924
2.90400004,50.79999924
2.90800023,50.79999924
2.91200018,50.79999924
2.91600013,51.20000076
2.92000008,50.79999924
2.92400002,50.79999924
2.92800021,50.79999924
2.93200016,50.79999924
2.93600011,50.79999924
2.94000006,50.40000153
2.94400024,50.40000153
2.94800019,50.40000153
2.95200014,50.79999924
2.95600009,50.40000153
2.96000004,50.40000153
2.96400023,50.40000153
2.96800017,50
2.97200012,50.40000153
2.97600007,50.40000153
2.98000026,50
2.98400021,50.40000153
2.98800015,50
2.9920001,50
2.99600005,50
3.00000024,50
3.00400019,50
3.00800014,49.60000229
3.01200008,49.60000229
3.01600003,49.60000229
3.02000022,49.60000229
3.02400017,49.20000076
3.02800012,49.60000229
3.03200006,49.20000076
3.03600025,49.20000076
3.0400002,49.20000076
3.04400015,48.79999924
3.0480001,48.79999924
3.05200005,48.79999924
3.05600023,48.40000153
3.06000018,48.40000153
3.06400013,48
3.06800008,48.40000153
3.07200003,48
3.07600021,48
3.08000016,48
3.08400011,48
3.08800006,47.60000229
3.09200025,47.20000076
3.09600019,47.60000229
3.10000014,47.20000076
3.10400009,47.20000076
3.10800004,47.20000076
3.11200023,46.79999924
3.11600018,46.40000153
3.12000012,46.40000153
3.12400007,46.40000153
3.12800026,46
3.13200021,46
3.13600016,46
3.1400001,45.60000229
3.14400005,45.60000229
3.14800024,45.20000076
3.15200019,45.60000229
3.15600014,45.20000076
3.16000009,44.79999924
3.16400003,44.79999924
3.16800022,44.40000153
3.17200017,44.40000153
3.17600012,44.40000153
3.18000007,44
3.18400025,44
3.1880002,43.60000229
3.19200015,43.60000229
3.1960001,43.60000229
3.20000005,43.20000076
3.20400023,42.79999924
3.20800018,42.79999924
3.21200013,42.40000153
3.21600008,42
3.22000027,42
3.22400022,41.60000229
3.22800016,42
3.23200011,41.60000229
3.23600006,41.20000076
3.24000025,41.20000076
3.2440002,40.79999924
3.24800014,40.79999924
3.25200009,40
3.25600004,40.40000153
3.26000023,40
3.26400018,40
3.26800013,39.60000229
3.27200007,38.79999924
3.27600026,38.79999924
3.28000021,38.79999924
3.28400016,38.79999924
3.28800011,38.40000153
3.29200006,38
3.29600024,37.60000229
3.30000019,37.20000076
3.30400014,37.60000229
3.30800009,36.79999924
3.31200027,36.40000153
3.31600022,36.40000153
3.32000017,36.40000153
3.32400012,36
3.32800007,35.60000229
3.33200026,35.20000076
3.3360002,35.20000076
3.34000015,34.79999924
3.3440001,34.40000153
3.34800005,34.40000153
3.35200024,34
3.35600019,33.60000229
3.36000013,33.60000229
3.36400008,33.20000076
3.36800027,33.20000076
3.37200022,32.40000153
3.37600017,32.40000153
3.38000011,32
3.38400006,31.60000038
3.38800025,31.60000038
3.3920002,31.20000076
3.39600015,31.20000076
3.4000001,30.39999962
3.40400004,30.80000114
3.40800023,30
3.41200018,29.60000038
3.41600013,29.60000038
3.42000008,28.80000114
3.42400026,29.20000076
3.42800021,28.39999962
3.43200016,28
3.43600011,28
3.44000006,27.20000076
3.44400024,27.60000038
3.44800019,26.39999962
3.45200014,26.80000114
3.45600009,26
3.46000028,26.39999962
3.46400023,25.20000076
3.46800017,25.20000076
3.47200012,25.20000076
3.47600007,24
3.48000026,24.80000114
3.48400021,24
3.48800015,24
3.4920001,23.20000076
3.49600005,22.80000114
3.50000024,22.80000114
3.50400019,22.39999962
3.50800014,22.39999962
3.51200008,21.60000038
3.51600027,21.60000038
3.52000022,21.20000076
3.52400017,20.80000114
3.52800012,20.39999962
3.53200006,20
3.53600025,20
3.5400002,19.2000008
3.54400015,19.6000004
3.5480001,18.8000011
3.55200028,18.3999996
3.55600023,18.3999996
3.56000018,18
3.56400013,17.6000004
3.56800008,17.2000008
3.57200027,17.2000008
3.57600021,16.3999996
3.58000016,16
3.58400011,15.6000004
3.58800006,15.1999998
3.59200025,15.6000004
3.59600019,15.1999998
3.60000014,14.8000002
3.60400009,14.4000006
3.60800028,14
3.61200023,13.6000004
3.61600018,12.8000002
3.62000012,13.1999998
3.62400007,12.8000002
3.62800026,12.8000002
3.63200021,11.6000004
3.63600016,11.6000004
3.6400001,11.6000004
3.64400029,10.8000002
3.64800024,10.8000002
3.65200019,10.4000006
3.65600014,10
3.66000009,9.600000381
3.66400027,9.199999809
3.66800022,9.199999809
3.67200017,8.800000191
3.67600012,8.400000572
3.68000007,8
3.68400025,8
3.6880002,7.599999905
3.69200015,6.80000019
3.6960001,7.20000029
3.70000029,6.4000001
3.70400023,6.4000001
3.70800018,5.5999999
3.71200013,5.5999999
3.71600008,5.20000029
3.72000027,4.80000019
3.72400022,4.4000001
3.72800016,4
3.73200011,4
3.73600006,3.60000014
3.74000025,3.60000014
3.7440002,2.79999995
3.74800014,2.4000001
3.75200009,2.4000001
3.75600028,2
3.76000023,1.6
3.76400018,1.2
3.76800013,1.2
3.77200007,8.00E-01
3.77600026,8.00E-01
3.78000021,8.00E-01
3.78400016,4.00E-01
3.78800011,8.00E-01
3.79200029,0
3.79600024,0
3.80000019,0
3.80400014,-4.00E-01
3.80800009,4.00E-01
3.81200027,-4.00E-01
3.81600022,0
3.82000017,0
3.82400012,4.00E-01
3.82800007,0
3.83200026,0
3.8360002,0
3.84000015,4.00E-01
3.8440001,4.00E-01
3.84800029,4.00E-01
3.85200024,8.00E-01
3.85600019,4.00E-01
3.86000013,4.00E-01
3.86400008,4.00E-01
3.86800027,8.00E-01
3.87200022,8.00E-01
3.87600017,4.00E-01
3.88000011,8.00E-01
3.8840003,8.00E-01
3.88800025,8.00E-01
3.8920002,1.2
3.89600015,1.2
3.9000001,1.2
3.90400028,1.2
3.90800023,1.2
3.91200018,1.6
3.91600013,1.2
3.92000008,2
3.92400026,1.6
3.92800021,1.6
3.93200016,1.6
3.93600011,2
3.9400003,2
3.94400024,2
3.94800019,2.4000001
3.95200014,2.4000001
3.95600009,2.4000001
3.96000028,2.4000001
3.96400023,2.79999995
3.96800017,2.79999995
3.97200012,2.79999995
3.97600007,2.79999995
3.98000026,2.79999995
3.98400021,3.20000005
3.98800015,3.20000005
3.9920001,3.60000014
3.99600029,3.60000014
4,3.60000014
4.00400019,4
4.00800037,4
4.01200008,4
4.01600027,4.4000001
4.01999998,4.80000019
4.02400017,4.4000001
4.02800035,4.80000019
4.03200006,5.20000029
4.03600025,4.80000019
4.03999996,5.20000029
4.04400015,5.20000029
4.04800034,5.5999999
4.05200005,5.5999999
4.05600023,6
4.06000042,6.4000001
4.06400013,6
4.06800032,6.4000001
4.07200003,6.4000001
4.07600021,6.80000019
4.0800004,6.80000019
4.08400011,6.80000019
4.0880003,7.599999905
4.09200001,7.599999905
4.09600019,7.599999905
4.10000038,7.599999905
4.10400009,8
4.10800028,8
4.11199999,8.400000572
4.11600018,8.800000191
4.12000036,8.800000191
4.12400007,9.199999809
4.12800026,9.199999809
4.13199997,9.600000381
4.13600016,9.199999809
4.14000034,10
4.14400005,10.4000006
4.14800024,10
4.15200043,10.4000006
4.15600014,10.8000002
4.16000032,11.1999998
4.16400003,11.1999998
4.16800022,11.1999998
4.17200041,11.6000004
4.17600012,11.6000004
4.18000031,12
4.18400002,12.8000002
4.1880002,12.8000002
4.19200039,12.8000002
4.1960001,13.1999998
4.20000029,13.6000004
4.204,13.6000004
4.20800018,14
4.21200037,14
4.21600008,14.4000006
4.22000027,14.4000006
4.22399998,14.8000002
4.22800016,15.6000004
4.23200035,15.1999998
4.23600006,15.6000004
4.24000025,15.6000004
4.24400043,16
4.24800014,16.3999996
4.25200033,17.2000008
4.25600004,17.6000004
4.26000023,17.6000004
4.26400042,17.6000004
4.26800013,17.6000004
4.27200031,18.3999996
4.27600002,18.3999996
4.28000021,18.8000011
4.2840004,19.2000008
4.28800011,19.2000008
4.29200029,20
4.296,19.6000004
4.30000019,20
4.30400038,20
4.30800009,20.80000114
4.31200027,21.20000076
4.31599998,21.20000076
4.32000017,21.60000038
4.32400036,21.60000038
4.32800007,22
4.33200026,22.39999962
4.33600044,22.39999962
4.34000015,22.80000114
4.34400034,23.20000076
4.34800005,23.60000038
4.35200024,23.60000038
4.35600042,24
4.36000013,24
4.36400032,24.80000114
4.36800003,25.20000076
4.37200022,25.20000076
4.3760004,25.60000038
4.38000011,25.60000038
4.3840003,26
4.38800001,26.39999962
4.3920002,26.80000114
4.39600039,27.20000076
4.4000001,27.20000076
4.40400028,28
4.40799999,28
4.41200018,28.39999962
4.41600037,28.39999962
4.42000008,29.20000076
4.42400026,29.60000038
4.42799997,29.60000038
4.43200016,30.39999962
4.43600035,30
4.44000006,30.80000114
4.44400024,30.80000114
4.44800043,31.20000076
4.45200014,31.60000038
4.45600033,31.60000038
4.46000004,32
4.46400023,32
4.46800041,32.40000153
4.47200012,32.79999924
4.47600031,33.20000076
4.48000002,33.60000229
4.48400021,33.60000229
4.48800039,34
4.4920001,34.40000153
4.49600029,34.40000153
4.5,34.79999924
4.50400019,35.20000076
4.50800037,35.60000229
4.51200008,35.60000229
4.51600027,36
4.51999998,36
4.52400017,36.40000153
4.52800035,36.40000153
4.53200006,37.60000229
4.53600025,38
4.54000044,38
4.54400015,38.40000153
4.54800034,38.40000153
4.55200005,38.79999924
4.55600023,38.79999924
4.56000042,39.60000229
4.56400013,40
4.56800032,40
4.57200003,40.40000153
4.57600021,40
4.5800004,40.79999924
4.58400011,40.79999924
4.5880003,41.60000229
4.59200001,42
4.59600019,42
4.60000038,42.40000153
4.60400009,42.40000153
4.60800028,42.79999924
4.61199999,42.79999924
4.61600018,43.60000229
4.62000036,44
4.62400007,44
4.62800026,44.79999924
4.63200045,44.40000153
4.63600016,45.20000076
4.64000034,45.20000076
4.64400005,45.60000229
4.64800024,46
4.65200043,46.40000153
4.65600014,46.79999924
4.66000032,46.40000153
4.66400003,47.20000076
4.66800022,47.20000076
4.67200041,47.60000229
4.67600012,48.40000153
4.68000031,48
4.68400002,48.79999924
4.6880002,48.40000153
4.69200039,49.20000076
4.6960001,49.20000076
4.70000029,49.60000229
4.704,50
4.70800018,50
4.71200037,50.79999924
4.71600008,50.40000153
4.72000027,50.79999924
4.72400045,50.79999924
4.72800016,51.20000076
4.73200035,50.79999924
4.73600006,50.40000153
4.74000025,51.20000076
4.74400043,50.79999924
4.74800014,50.79999924
4.75200033,50.79999924
4.75600004,50.79999924
4.76000023,50.79999924
4.76400042,50.79999924
4.76800013,50.79999924
4.77200031,50.79999924
4.77600002,50.79999924
4.78000021,50.79999924
4.7840004,50.79999924
4.78800011,50.79999924
4.79200029,50.79999924
4.796,50.79999924
4.80000019,50.79999924
4.80400038,50.40000153
4.80800009,50.40000153
4.81200027,50.40000153
4.81600046,50
4.82000017,50.40000153
4.82400036,50
4.82800007,50
4.83200026,50
4.83600044,50
4.84000015,50
4.84400034,50
4.84800005,49.60000229
4.85200024,50
4.85600042,49.60000229
4.86000013,49.60000229
4.86400032,49.60000229
4.86800003,49.60000229
4.87200022,49.20000076
4.8760004,49.20000076
4.88000011,49.20000076
4.8840003,49.20000076
4.88800001,49.20000076
4.8920002,48.79999924
4.89600039,48.79999924
4.9000001,48.40000153
4.90400028,48.40000153
4.90800047,48.40000153
4.91200018,48
4.91600037,48
4.92000008,48
4.92400026,48
4.92800045,47.60000229
4.93200016,47.60000229
4.93600035,47.60000229
4.94000006,47.60000229
4.94400024,47.20000076
4.94800043,47.20000076
4.95200014,47.20000076
4.95600033,46.79999924
4.96000004,46.40000153
4.96400023,46.79999924
4.96800041,46.79999924
4.97200012,46.40000153
4.97600031,46
4.98000002,46
4.98400021,46
4.98800039,46
4.9920001,45.60000229
4.99600029,45.60000229
5,45.20000076
5.00400019,44.79999924
5.00800037,45.20000076
5.01200008,44.79999924
5.01600027,44.40000153
5.02000046,44.40000153
5.02400017,44.40000153
5.02800035,44
5.03200006,44
5.03600025,43.60000229
5.04000044,43.60000229
5.04400015,43.20000076
5.04800034,43.20000076
5.05200005,43.20000076
5.05600023,42.79999924
5.06000042,42
5.06400013,42.40000153
5.06800032,42
5.07200003,42
5.07600021,41.60000229
5.0800004,41.60000229
5.08400011,41.20000076
5.0880003,40.40000153
5.09200001,40.40000153
5.09600019,40.40000153
5.10000038,40.40000153
5.10400009,40
5.10800028,40
5.11200047,39.60000229
5.11600018,39.20000076
5.12000036,39.20000076
5.12400007,38.79999924
5.12800026,38.79999924
5.13200045,38.40000153
5.13600016,38.40000153
5.14000034,38
5.14400005,37.20000076
5.14800024,37.60000229
5.15200043,37.20000076
5.15600014,37.20000076
5.16000032,36.40000153
5.16400003,36.40000153
5.16800022,36
5.17200041,35.60000229
5.17600012,35.60000229
5.18000031,35.20000076
5.18400002,35.20000076
5.1880002,34.79999924
5.19200039,34.79999924
5.1960001,34
5.20000029,33.60000229
5.20400047,33.60000229
5.20800018,33.20000076
5.21200037,33.20000076
5.21600008,32.40000153
5.22000027,32.79999924
5.22400045,32.40000153
5.22800016,31.60000038
5.23200035,31.60000038
5.23600006,31.20000076
5.24000025,31.20000076
5.24400043,30.80000114
5.24800014,30.80000114
5.25200033,30
5.25600004,29.60000038
5.26000023,29.60000038
5.26400042,29.20000076
5.26800013,29.20000076
5.27200031,28.39999962
5.27600002,28.39999962
5.28000021,28
5.2840004,27.20000076
5.28800011,27.20000076
5.29200029,26.80000114
5.29600048,26.80000114
5.30000019,26.39999962
5.30400038,26.39999962
5.30800009,25.60000038
5.31200027,25.20000076
5.31600046,25.20000076
5.32000017,24.80000114
5.32400036,24.80000114
5.32800007,24
5.33200026,24
5.33600044,23.60000038
5.34000015,22.80000114
5.34400034,22.80000114
5.34800005,22.39999962
5.35200024,22.39999962
5.35600042,22
5.36000013,22
5.36400032,21.20000076
5.36800003,20.39999962
5.37200022,20.39999962
5.3760004,20
5.38000011,20
5.3840003,19.6000004
5.38800049,19.6000004
5.3920002,18.8000011
5.39600039,18
5.4000001,18.3999996
5.40400028,18
5.40800047,18
5.41200018,17.2000008
5.41600037,17.6000004
5.42000008,16.8000011
5.42400026,16
5.42800045,16
5.43200016,15.6000004
5.43600035,15.6000004
5.44000006,14.8000002
5.44400024,15.1999998
5.44800043,14
5.45200014,14
5.45600033,14
5.46000004,13.1999998
5.46400023,13.1999998
5.46800041,12.4000006
5.47200012,12.8000002
5.47600031,12
5.4800005,11.1999998
5.48400021,11.6000004
5.48800039,10.4000006
5.4920001,10.8000002
5.49600029,10
5.50000048,10.4000006
5.50400019,9.600000381
5.50800037,9.199999809
5.51200008,9.199999809
5.51600027,8.800000191
5.52000046,8.400000572
5.52400017,7.599999905
5.52800035,7.599999905
5.53200006,7.20000029
5.53600025,6.4000001
5.54000044,6.4000001
5.54400015,6
5.54800034,6.4000001
5.55200005,5.5999999
5.55600023,5.5999999
5.56000042,5.20000029
5.56400013,4.4000001
5.56800032,4.4000001
5.57200003,3.60000014
5.57600021,3.60000014
5.5800004,3.20000005
5.58400011,3.20000005
5.5880003,2.79999995
5.59200048,2
5.59600019,2
5.60000038,1.6
5.60400009,1.2
5.60800028,1.2
5.61200047,8.00E-01
5.61600018,4.00E-01
5.62000036,0
5.62400007,4.00E-01
5.62800026,4.00E-01
5.63200045,4.00E-01
5.63600016,0
5.64000034,8.00E-01
5.64400005,0
5.64800024,0
5.65200043,4.00E-01
5.65600014,0
5.66000032,0
5.66400003,0
5.66800022,0
5.67200041,0
5.67600012,0
5.68000031,4.00E-01
5.68400049,0
5.6880002,4.00E-01
5.69200039,4.00E-01
5.6960001,4.00E-01
5.70000029,4.00E-01
5.70400047,4.00E-01
5.70800018,4.00E-01
5.71200037,4.00E-01
5.71600008,8.00E-01
5.72000027,8.00E-01
5.72400045,8.00E-01
5.72800016,8.00E-01
5.73200035,8.00E-01
5.73600006,8.00E-01
5.74000025,8.00E-01
5.74400043,1.2
5.74800014,1.6
5.75200033,1.2
5.75600004,1.2
5.76000023,1.6
5.76400042,1.6
5.76800013,1.6
5.77200031,1.6
5.7760005,1.6
5.78000021,2
5.7840004,2
5.78800011,2
5.79200029,1.6
5.79600048,2
5.80000019,2.4000001
5.80400038,2.4000001
5.80800009,2.79999995
5.81200027,2.4000001
5.81600046,2.79999995
5.82000017,2.79999995
5.82400036,2.79999995
5.82800007,3.20000005
5.83200026,3.20000005
5.83600044,3.20000005
5.84000015,3.60000014
5.84400034,3.60000014
5.84800005,3.60000014
5.85200024,3.60000014
5.85600042,4
5.86000013,4
5.86400032,4
5.86800051,4.4000001
5.87200022,4.80000019
5.8760004,4.4000001
5.88000011,4.80000019
5.8840003,5.20000029
5.88800049,5.20000029
5.8920002,5.5999999
5.89600039,5.5999999
5.9000001,5.5999999
5.90400028,5.5999999
5.90800047,6
5.91200018,6.4000001
5.91600037,6.4000001
5.92000008,6.4000001
5.92400026,6.4000001
5.92800045,6.80000019
5.93200016,6.80000019
5.93600035,7.20000029
5.94000006,7.20000029
5.94400024,7.599999905
5.94800043,7.599999905
5.95200014,7.599999905
5.95600033,8
5.96000051,8
5.96400023,8.800000191
5.96800041,8.800000191
5.97200012,8.800000191
5.97600031,9.199999809
5.9800005,9.199999809
5.98400021,9.600000381
5.98800039,10
5.9920001,10
5.99600029,10.4000006
6.00000048,10
6.00400019,10.8000002
6.00800037,10.8000002
6.01200008,11.1999998
6.01600027,11.1999998
6.02000046,11.6000004
6.02400017,12
6.02800035,12
6.03200006,12.4000006
6.03600025,12.4000006
6.04000044,12.8000002
6.04400015,13.1999998
6.04800034,13.6000004
6.05200052,13.6000004
6.05600023,13.6000004
6.06000042,14.4000006
6.06400013,14.4000006
6.06800032,14.8000002
6.0720005,14.8000002
6.07600021,15.1999998
6.0800004,15.1999998
6.08400011,15.6000004
6.0880003,16
6.09200048,16
6.09600019,16.8000011
6.10000038,16.8000011
6.10400009,17.2000008
6.10800028,17.6000004
6.11200047,17.6000004
6.11600018,18
6.12000036,18
6.12400007,18.8000011
6.12800026,18.3999996
6.13200045,18.8000011
6.13600016,19.2000008
6.14000034,19.2000008
6.14400005,19.6000004
6.14800024,19.6000004
6.15200043,20.39999962
6.15600014,20
6.16000032,20.80000114
6.16400051,21.60000038
6.16800022,21.20000076
6.17200041,21.60000038
6.17600012,21.60000038
6.18000031,22.39999962
6.18400049,22.39999962
6.1880002,22.80000114
6.19200039,23.20000076
6.1960001,23.20000076
6.20000029,23.60000038
6.20400047,23.60000038
6.20800018,24.39999962
6.21200037,24.39999962
6.21600008,24.80000114
6.22000027,25.60000038
6.22400045,25.20000076
6.22800016,26.39999962
6.23200035,26
6.23600006,26.39999962
6.24000025,26.39999962
6.24400043,26.80000114
6.24800014,27.60000038
6.25200033,27.60000038
6.25600052,28
6.26000023,27.60000038
6.26400042,28.80000114
6.26800013,28.39999962
6.27200031,29.20000076
6.2760005,29.60000038
6.28000021,30
6.2840004,30.39999962
6.28800011,30.39999962
6.29200029,30.80000114
6.29600048,30.80000114
6.30000019,31.60000038
6.30400038,32
6.30800009,31.60000038
6.31200027,32.40000153
6.31600046,32.40000153
6.32000017,32.79999924
6.32400036,33.20000076
6.32800007,33.60000229
6.33200026,33.60000229
6.33600044,34
6.34000015,34.40000153
6.34400034,34.40000153
6.34800053,34.79999924
6.35200024,35.20000076
6.35600042,35.60000229
6.36000013,36
6.36400032,36
6.36800051,36.40000153
6.37200022,36.40000153
6.3760004,37.20000076
6.38000011,37.20000076
6.3840003,37.60000229
6.38800049,38
6.3920002,38
6.39600039,38.40000153
6.4000001,38.79999924
6.40400028,39.20000076
6.40800047,38.79999924
6.41200018,40
6.41600037,40
6.42000008,40.40000153
6.42400026,40.40000153
6.42800045,40.79999924
6.43200016,41.20000076
6.43600035,41.20000076
6.44000053,42
6.44400024,42.40000153
6.44800043,42.40000153
6.45200014,42.79999924
6.45600033,43.20000076
6.46000051,43.20000076
6.46400023,43.60000229
6.46800041,44
6.47200012,44.40000153
6.47600031,44.40000153
6.4800005,45.20000076
6.48400021,45.20000076
6.48800039,45.60000229
6.4920001,45.60000229
6.49600029,46
6.50000048,46.40000153
6.50400019,46.79999924
6.50800037,47.20000076
6.51200008,47.20000076
6.51600027,47.60000229
6.52000046,47.60000229
6.52400017,48
6.52800035,48.79999924
6.53200054,48.40000153
6.53600025,49.20000076
6.54000044,49.20000076
6.54400015,49.60000229
6.54800034,49.60000229
6.55200052,50
6.55600023,50.79999924
6.56000042,50.79999924
6.56400013,50.79999924
6.56800032,51.20000076
6.5720005,51.20000076
6.57600021,51.20000076
6.5800004,50.79999924
6.58400011,50.79999924
6.5880003,50.79999924
6.59200048,51.20000076
6.59600019,50.79999924
6.60000038,50.79999924
6.60400009,50.79999924
6.60800028,50.79999924
6.61200047,50.79999924
6.61600018,50.79999924
6.62000036,50.79999924
6.62400055,50.79999924
6.62800026,50.79999924
6.63200045,50.79999924
6.63600016,50.40000153
6.64000034,50.79999924
6.64400053,50.40000153
6.64800024,50.79999924
6.65200043,50.40000153
6.65600014,50.40000153
6.66000032,50.40000153
6.66400051,50.40000153
6.66800022,50
6.67200041,50
6.67600012,50
6.68000031,50
6.68400049,50
6.6880002,49.60000229
6.69200039,49.60000229
6.6960001,49.60000229
6.70000029,49.60000229
6.70400047,50
6.70800018,49.60000229
6.71200037,49.60000229
6.71600056,49.60000229
6.72000027,49.20000076
6.72400045,49.20000076
6.72800016,48.79999924
6.73200035,48.79999924
6.73600054,48.79999924
6.74000025,48.79999924
6.74400043,48.40000153
6.74800014,48
6.75200033,48.40000153
6.75600052,48.40000153
6.76000023,48
6.76400042,48
6.76800013,48
6.77200031,48
6.7760005,47.60000229
6.78000021,47.60000229
6.7840004,47.20000076
6.78800011,47.20000076
6.79200029,47.20000076
6.79600048,47.20000076
6.80000019,46.79999924
6.80400038,46.79999924
6.80800009,46.79999924
6.81200027,46.40000153
6.81600046,46.40000153
6.82000017,46.40000153
6.82400036,46
6.82800055,46
6.83200026,45.60000229
6.83600044,45.60000229
6.84000015,45.20000076
6.84400034,45.20000076
6.84800053,45.20000076
6.85200024,45.20000076
6.85600042,44.40000153
6.86000013,44
6.86400032,44.40000153
6.86800051,44
6.87200022,44
6.8760004,43.60000229
6.88000011,43.60000229
6.8840003,43.20000076
6.88800049,42.79999924
6.8920002,43.20000076
6.89600039,42.79999924
6.9000001,42.40000153
6.90400028,42
6.90800047,42
6.91200018,42
6.91600037,41.60000229
6.92000055,41.60000229
6.92400026,40.79999924
6.92800045,41.20000076
6.93200016,40.40000153
6.93600035,40.79999924
6.94000053,40
6.94400024,40
6.94800043,40
6.95200014,39.20000076
6.95600033,39.60000229
6.96000051,39.20000076
6.96400023,39.20000076
6.96800041,38.79999924
6.97200012,38.40000153
6.97600031,38
6.9800005,37.60000229
6.98400021,38
6.98800039,37.20000076
6.9920001,37.20000076
6.99600029,37.20000076
7.00000048,36.40000153
7.00400019,36.40000153
7.00800037,36
7.01200056,36
7.01600027,35.60000229
7.02000046,35.60000229
7.02400017,35.20000076
7.02800035,34.40000153
7.03200054,34.40000153
7.03600025,34
7.04000044,34
7.04400015,33.60000229
7.04800034,33.60000229
7.05200052,33.20000076
7.05600023,32.79999924
7.06000042,32.79999924
7.06400013,32
7.06800032,32
7.0720005,31.60000038
7.07600021,31.60000038
7.0800004,31.20000076
7.08400011,30.39999962
7.0880003,30.80000114
7.09200048,30
7.09600019,30.39999962
7.10000038,29.60000038
7.10400057,29.60000038
7.10800028,29.20000076
7.11200047,28.39999962
7.11600018,28.39999962
7.12000036,28
7.12400055,28
7.12800026,27.60000038
7.13200045,27.60000038
7.13600016,26.80000114
7.14000034,26.39999962
7.14400053,26
7.14800024,25.60000038
7.15200043,25.60000038
7.15600014,25.20000076
7.16000032,25.20000076
7.16400051,24.39999962
7.16800022,24
7.17200041,24
7.17600012,23.60000038
7.18000031,23.20000076
7.18400049,22.80000114
7.1880002,22.80000114
7.19200039,22.39999962
7.19600058,21.60000038
7.20000029,21.60000038
7.20400047,21.60000038
7.20800018,21.20000076
7.21200037,20.80000114
7.21600056,20.80000114
7.22000027,20
7.22400045,19.6000004
7.22800016,19.2000008
7.23200035,18.8000011
7.23600054,18.8000011
7.24000025,18.3999996
7.24400043,18
7.24800014,17.6000004
7.25200033,17.2000008
7.25600052,17.6000004
7.26000023,16.3999996
7.26400042,16.8000011
7.26800013,16
7.27200031,16
7.2760005,15.6000004
7.28000021,14.8000002
7.2840004,14.8000002
7.28800058,14.4000006
7.29200029,14.4000006
7.29600048,14
7.30000019,13.6000004
7.30400038,13.1999998
7.30800056,12.8000002
7.31200027,12.8000002
7.31600046,12
7.32000017,12
7.32400036,11.1999998
7.32800055,10.8000002
7.33200026,10.8000002
7.33600044,10.4000006
7.34000015,10.4000006
7.34400034,9.600000381
7.34800053,9.600000381
7.35200024,9.600000381
7.35600042,8
7.36000013,8.400000572
7.36400032,7.599999905
7.36800051,8
7.37200022,7.20000029
7.3760004,7.599999905
7.38000011,6.80000019
7.3840003,6
7.38800049,6.4000001
7.392000198,5.5999999
7.396000385,6
7.400000572,5.20000029
7.404000282,5.20000029
7.408000469,4.80000019
7.412000179,3.60000014
7.416000366,4
7.420000553,3.60000014
7.424000263,3.60000014
7.42800045,2.79999995
7.43200016,3.20000005
7.436000347,2.4000001
7.440000534,2
7.444000244,1.6
7.448000431,1.2
7.452000141,1.2
7.456000328,8.00E-01
7.460000515,8.00E-01
7.464000225,8.00E-01
7.468000412,8.00E-01
7.472000122,8.00E-01
7.476000309,0
7.480000496,0
7.484000206,0
7.488000393,0
7.49200058,0
7.49600029,0
7.500000477,4.00E-01
7.504000187,4.00E-01
7.508000374,0
7.512000561,0
7.516000271,0
7.520000458,0
7.524000168,4.00E-01
7.528000355,4.00E-01
7.532000542,0
7.536000252,4.00E-01
7.540000439,8.00E-01
7.544000149,4.00E-01
7.548000336,4.00E-01
7.552000523,4.00E-01
7.556000233,8.00E-01
7.56000042,8.00E-01
7.56400013,8.00E-01
7.568000317,1.2
7.572000504,8.00E-01
7.576000214,1.2
7.580000401,1.2
7.584000587,1.2
7.588000298,1.2
7.592000484,1.2
7.596000195,1.6
7.600000381,1.2
7.604000568,1.6
7.608000278,1.6
7.612000465,1.6
7.616000175,1.6
7.620000362,2
7.624000549,2
7.628000259,2
7.632000446,2
7.636000156,2
7.640000343,2.4000001
7.64400053,2.4000001
7.64800024,2.4000001
7.652000427,2.79999995
7.656000137,2.79999995
7.660000324,2.79999995
7.664000511,2.79999995
7.668000221,3.60000014
7.672000408,3.20000005
7.676000595,3.20000005
7.680000305,3.60000014
7.684000492,3.60000014
7.688000202,3.60000014
7.692000389,4
7.696000576,4
7.700000286,4
7.704000473,4
7.708000183,4.4000001
7.71200037,4.80000019
7.716000557,4.80000019
7.720000267,5.20000029
7.724000454,5.20000029
7.728000164,5.20000029
7.732000351,5.20000029
7.736000538,5.20000029
7.740000248,5.5999999
7.744000435,6.4000001
7.748000145,6
7.752000332,6.4000001
7.756000519,6
7.760000229,6.4000001
7.764000416,6.80000019
7.768000603,7.20000029
7.772000313,7.20000029
7.7760005,7.20000029
7.78000021,7.599999905
7.784000397,7.599999905
7.788000584,8
7.792000294,8
7.796000481,8
7.800000191,8.800000191
7.804000378,8.800000191
7.808000565,9.199999809
7.812000275,9.199999809
7.816000462,9.199999809
7.820000172,10
7.824000359,10
7.828000546,10.4000006
7.832000256,10.4000006
7.836000443,10.4000006
7.840000153,10.4000006
7.84400034,10.8000002
7.848000526,11.6000004
7.852000237,11.1999998
7.856000423,11.6000004
7.86000061,11.6000004
7.86400032,12
7.868000507,12
7.872000217,12.8000002
7.876000404,13.1999998
7.880000591,13.1999998
7.884000301,13.6000004
7.888000488,13.6000004
7.892000198,13.6000004
7.896000385,14
7.900000572,14.4000006
7.904000282,14.8000002
7.908000469,14.8000002
7.912000179,15.6000004
7.916000366,15.6000004
7.920000553,15.6000004
7.924000263,15.6000004
7.92800045,16
7.93200016,16.3999996
7.936000347,16.3999996
7.940000534,17.2000008
7.944000244,17.2000008
7.948000431,17.6000004
7.952000141,17.2000008
7.956000328,18
7.960000515,18.3999996
7.964000225,18.8000011
7.968000412,19.2000008
7.972000599,19.2000008
7.976000309,19.2000008
7.980000496,19.6000004
7.984000206,20
7.988000393,20.39999962
7.99200058,20.39999962
7.99600029,20.80000114
8,20.80000114
8.004000664,21.60000038
8.008000374,21.60000038
8.012000084,22
8.016000748,22.39999962
8.020000458,22.39999962
8.024000168,22.80000114
8.028000832,23.20000076
8.032000542,23.20000076
8.036000252,23.60000038
8.039999962,24
8.044000626,24.39999962
8.048000336,24.39999962
8.052000046,25.20000076
8.05600071,24.80000114
8.06000042,25.60000038
8.06400013,25.60000038
8.068000793,26.39999962
8.072000504,26.80000114
8.076000214,26.80000114
8.079999924,27.20000076
8.084000587,27.20000076
8.088000298,27.60000038
8.092000008,27.60000038
8.096000671,28
8.100000381,28.80000114
8.104000092,28.80000114
8.108000755,29.20000076
8.112000465,29.60000038
8.116000175,30
8.120000839,30
8.124000549,30.39999962
8.128000259,31.20000076
8.131999969,30.80000114
8.136000633,31.20000076
8.140000343,31.60000038
8.144000053,32
8.148000717,32
8.152000427,32.40000153
8.156000137,32.79999924
8.160000801,32.79999924
8.164000511,33.60000229
8.168000221,33.60000229
8.171999931,34
8.176000595,34
8.180000305,34.40000153
8.184000015,35.20000076
8.188000679,35.20000076
8.192000389,35.60000229
8.196000099,35.20000076
8.200000763,36
8.204000473,36.40000153
8.208000183,36.40000153
8.212000847,37.20000076
8.216000557,37.20000076
8.220000267,37.60000229
8.223999977,37.60000229
8.228000641,38
8.232000351,38.40000153
8.236000061,38.79999924
8.240000725,39.20000076
8.244000435,39.20000076
8.248000145,39.60000229
8.252000809,39.60000229
8.256000519,40.40000153
8.260000229,40
8.263999939,40.79999924
8.268000603,41.60000229
8.272000313,41.20000076
8.276000023,41.60000229
8.280000687,41.60000229
8.284000397,42.40000153
8.288000107,42.40000153
8.292000771,43.20000076
8.296000481,43.20000076
8.300000191,43.60000229
8.304000854,44
8.308000565,44
8.312000275,44.40000153
8.315999985,44.40000153
8.320000648,45.20000076
8.324000359,45.20000076
8.328000069,45.60000229
8.332000732,46
8.336000443,46
8.340000153,46.40000153
8.344000816,46.40000153
8.348000526,47.20000076
8.352000237,47.60000229
8.355999947,47.60000229
8.36000061,48
8.36400032,48
8.368000031,48.40000153
8.372000694,48.79999924
8.376000404,49.20000076
8.380000114,49.60000229
8.384000778,50
8.388000488,50
8.392000198,50
8.396000862,50.79999924
8.400000572,50.79999924
8.404000282,50.79999924
8.407999992,50.79999924
8.412000656,50.79999924
8.416000366,50.79999924
8.420000076,50.79999924
8.42400074,50.79999924
8.42800045,50.79999924
8.43200016,51.20000076
8.436000824,50.79999924
8.440000534,50.79999924
8.444000244,50.79999924
8.447999954,50.79999924
8.452000618,50.79999924
8.456000328,50.40000153
8.460000038,51.20000076
8.464000702,50.79999924
8.468000412,50.79999924
8.472000122,50.79999924
8.476000786,50.79999924
8.480000496,50.40000153
8.484000206,50.40000153
8.48800087,50.40000153
8.49200058,50.40000153
8.49600029,50.40000153
8.5,50.40000153
8.504000664,50.40000153
8.508000374,50
8.512000084,50.40000153
8.516000748,50
8.520000458,49.60000229
8.524000168,50
8.528000832,49.60000229
8.532000542,49.60000229
8.536000252,50
8.539999962,49.60000229
8.544000626,49.60000229
8.548000336,49.60000229
8.552000046,49.20000076
8.55600071,49.20000076
8.56000042,49.20000076
8.56400013,49.20000076
8.568000793,48.40000153
8.572000504,48.79999924
8.576000214,48.79999924
8.580000877,48.79999924
8.584000587,48.40000153
8.588000298,48.40000153
8.592000008,48
8.596000671,48
8.600000381,48
8.604000092,48
8.608000755,48
8.612000465,48
8.616000175,47.60000229
8.620000839,47.60000229
8.624000549,47.20000076
8.628000259,47.20000076
8.631999969,47.20000076
8.636000633,47.20000076
8.640000343,46.79999924
8.644000053,46.79999924
8.648000717,46.40000153
8.652000427,46
8.656000137,46.40000153
8.660000801,46
8.664000511,46.40000153
8.668000221,45.60000229
8.672000885,46
8.676000595,45.20000076
8.680000305,44.79999924
8.684000015,45.20000076
8.688000679,44.79999924
8.692000389,45.20000076
8.696000099,44.40000153
8.700000763,44.79999924
8.704000473,44
8.708000183,44
8.712000847,44
8.716000557,43.60000229
8.720000267,44
8.723999977,43.60000229
8.728000641,43.20000076
8.732000351,42.79999924
8.736000061,42.79999924
8.740000725,42.40000153
8.744000435,42
8.748000145,42.40000153
8.752000809,41.60000229
8.756000519,42
8.760000229,41.60000229
8.764000893,41.20000076
8.768000603,40.79999924
8.772000313,40.79999924
8.776000023,40.40000153
8.780000687,40
8.784000397,40
8.788000107,40
8.792000771,39.60000229
8.796000481,39.20000076
8.800000191,39.20000076
8.804000854,38.79999924
8.808000565,38.79999924
8.812000275,38.40000153
8.815999985,38
8.820000648,37.60000229
8.824000359,37.60000229
8.828000069,37.20000076
8.832000732,37.20000076
8.836000443,36.79999924
8.840000153,36.79999924
8.844000816,36.40000153
8.848000526,36
8.852000237,36
8.855999947,35.60000229
8.86000061,35.60000229
8.86400032,34.79999924
8.868000031,35.20000076
8.872000694,34.40000153
8.876000404,34
8.880000114,34
8.884000778,33.60000229
8.888000488,33.60000229
8.892000198,33.20000076
8.896000862,33.20000076
8.900000572,32.40000153
8.904000282,32.40000153
8.907999992,32
8.912000656,31.60000038
8.916000366,31.60000038
8.920000076,31.20000076
8.92400074,31.20000076
8.92800045,30.80000114
8.93200016,30
8.936000824,30
8.940000534,29.60000038
8.944000244,30
8.947999954,29.20000076
8.952000618,29.20000076
8.956000328,28.39999962
8.960000038,28
8.964000702,28
8.968000412,27.20000076
8.972000122,27.60000038
8.976000786,26.80000114
8.980000496,27.20000076
8.984000206,26.39999962
8.98800087,25.60000038
8.99200058,26
8.99600029,25.60000038
9,25.20000076
9.004000664,24.80000114
9.008000374,24.39999962
9.012000084,24
9.016000748,23.60000038
9.020000458,24
9.024000168,23.20000076
9.028000832,23.20000076
9.032000542,22.39999962
9.036000252,22
9.039999962,22
9.044000626,21.60000038
9.048000336,21.20000076
9.052000046,20.80000114
9.05600071,21.20000076
9.06000042,20
9.06400013,19.6000004
9.068000793,20
9.072000504,19.2000008
9.076000214,18.8000011
9.080000877,18.3999996
9.084000587,18.3999996
9.088000298,18
9.092000008,17.6000004
9.096000671,17.6000004
9.100000381,17.2000008
9.104000092,17.2000008
9.108000755,16.3999996
9.112000465,16.3999996
9.116000175,15.6000004
9.120000839,15.6000004
9.124000549,15.1999998
9.128000259,14.8000002
9.131999969,14.8000002
9.136000633,14
9.140000343,14
9.144000053,13.1999998
9.148000717,13.1999998
9.152000427,12.8000002
9.156000137,12
9.160000801,12
9.164000511,11.6000004
9.168000221,12
9.172000885,11.1999998
9.176000595,10.8000002
9.180000305,10.4000006
9.184000015,10.4000006
9.188000679,10
9.192000389,9.600000381
9.196000099,10
9.200000763,9.199999809
9.204000473,8.400000572
9.208000183,8.400000572
9.212000847,7.599999905
9.216000557,8
9.220000267,7.599999905
9.223999977,7.20000029
9.228000641,6.80000019
9.232000351,6.4000001
9.236000061,6.4000001
9.240000725,5.5999999
9.244000435,6
9.248000145,5.20000029
9.252000809,5.20000029
9.256000519,4.80000019
9.260000229,4
9.264000893,4
9.268000603,3.20000005
9.272000313,3.20000005
9.276000023,2.79999995
9.280000687,2.79999995
9.284000397,2.4000001
9.288000107,1.6
9.292000771,2
9.296000481,1.2
9.300000191,8.00E-01
9.304000854,4.00E-01
9.308000565,8.00E-01
9.312000275,8.00E-01
9.315999985,4.00E-01
9.320000648,8.00E-01
9.324000359,0
9.328000069,0
9.332000732,0
9.336000443,0
9.340000153,0
9.344000816,0
9.348000526,-4.00E-01
9.352000237,0
9.3560009,0
9.36000061,4.00E-01
9.36400032,4.00E-01
9.368000031,0
9.372000694,0
9.376000404,4.00E-01
9.380000114,4.00E-01
9.384000778,8.00E-01
9.388000488,4.00E-01
9.392000198,8.00E-01
9.396000862,8.00E-01
9.400000572,8.00E-01
9.404000282,8.00E-01
9.407999992,8.00E-01
9.412000656,8.00E-01
9.416000366,8.00E-01
9.420000076,8.00E-01
9.42400074,8.00E-01
9.42800045,1.2
9.43200016,1.6
9.436000824,1.6
9.440000534,1.2
9.444000244,1.6
9.448000908,1.6
9.452000618,1.2
9.456000328,1.6
9.460000038,1.6
9.464000702,1.6
9.468000412,2
9.472000122,1.6
9.476000786,2
9.480000496,2.4000001
9.484000206,2
9.48800087,2
9.49200058,2.4000001
9.49600029,2.79999995
9.5,2.79999995
9.504000664,2.79999995
9.508000374,2.79999995
9.512000084,3.20000005
9.516000748,3.20000005
9.520000458,3.20000005
9.524000168,3.60000014
9.528000832,3.20000005
9.532000542,3.60000014
9.536000252,4
9.540000916,3.60000014
9.544000626,4
9.548000336,4
9.552000046,4.4000001
9.55600071,4.4000001
9.56000042,4.80000019
9.56400013,4.80000019
9.568000793,4.80000019
9.572000504,5.5999999
9.576000214,5.20000029
9.580000877,5.5999999
9.584000587,5.5999999
9.588000298,6
9.592000008,6
9.596000671,6
9.600000381,6.4000001
9.604000092,6.4000001
9.608000755,6.80000019
9.612000465,6.80000019
9.616000175,7.20000029
9.620000839,6.80000019
9.624000549,7.599999905
9.628000259,7.599999905
9.632000923,7.599999905
9.636000633,8
9.640000343,8
9.644000053,8.400000572
9.648000717,8.800000191
9.652000427,8.800000191
9.656000137,9.199999809
9.660000801,9.199999809
9.664000511,9.600000381
9.668000221,9.600000381
9.672000885,10
9.676000595,10
9.680000305,10.4000006
9.684000015,10.4000006
9.688000679,-21.20000076
9.692000389,-21.20000076
9.696000099,-21.20000076
9.700000763,-21.20000076
9.704000473,-21.20000076
9.708000183,-21.20000076
9.712000847,-21.20000076
9.716000557,-21.20000076
9.720000267,-21.20000076
9.724000931,-21.20000076
9.728000641,-21.20000076
9.732000351,-21.20000076
9.736000061,-21.20000076
9.740000725,-21.20000076
9.744000435,-21.20000076
9.748000145,-21.20000076
9.752000809,-21.20000076
9.756000519,-21.20000076
9.760000229,-21.20000076
9.764000893,-21.20000076
9.768000603,-21.20000076
9.772000313,-21.20000076
9.776000023,-21.20000076
9.780000687,-21.20000076
9.784000397,-21.20000076
9.788000107,-21.20000076
9.792000771,-21.20000076
9.796000481,-21.20000076
9.800000191,-21.20000076
9.804000854,-21.20000076
9.808000565,-21.20000076
9.812000275,-21.20000076
9.816000938,-21.20000076
9.820000648,-21.20000076
9.824000359,-21.20000076
9.828000069,-21.20000076
9.832000732,-21.20000076
9.836000443,-21.20000076
9.840000153,-21.20000076
9.844000816,-21.20000076
9.848000526,-21.20000076
9.852000237,-21.20000076
9.8560009,-21.20000076
9.86000061,-21.20000076
9.86400032,-21.20000076
9.868000031,-21.20000076
9.872000694,-21.20000076
9.876000404,-21.20000076
9.880000114,-21.20000076
9.884000778,-21.20000076
9.888000488,-21.20000076
9.892000198,-21.20000076
9.896000862,-21.20000076
9.900000572,-21.20000076
9.904000282,-21.20000076
9.908000946,-21.20000076
9.912000656,-21.20000076
9.916000366,-21.20000076
9.920000076,-21.20000076
9.92400074,-21.20000076
9.92800045,-21.20000076
9.93200016,-21.20000076
9.936000824,-21.20000076
9.940000534,-21.20000076
9.944000244,-21.20000076
9.948000908,-21.20000076
9.952000618,-21.20000076
9.956000328,-21.20000076
9.960000038,-21.20000076
9.964000702,-21.20000076
9.968000412,-21.20000076
9.972000122,-21.20000076
9.976000786,-21.20000076
9.980000496,-21.20000076
9.984000206,-21.20000076
9.98800087,-21.20000076
9.99200058,-21.20000076
9.99600029,-21.20000076
