0,-2.6399999
4.00E-03,-2.6399999
8.00E-03,-2.6399999
1.20E-02,-2.6399999
1.60E-02,-2.6399999
2.00E-02,-2.6399999
2.40E-02,-2.6399999
2.80E-02,-2.6399999
3.20E-02,2.5599999
3.60E-02,2.52
4.00E-02,2.52
4.40E-02,2.52
4.80E-02,2.52
5.20E-02,2.5599999
5.60E-02,2.52
6.00E-02,2.52
6.40E-02,2.52
6.80E-02,2.52
7.20E-02,2.52
7.60E-02,2.52
8.00E-02,2.48
8.40E-02,2.52
8.80E-02,2.52
9.20E-02,2.52
9.60E-02,2.52
1.00E-01,2.52
1.04E-01,2.52
1.08E-01,2.52
1.12E-01,2.52
1.16E-01,2.48
1.20E-01,2.52
1.24E-01,2.52
1.28E-01,2.52
1.32E-01,2.52
1.36E-01,2.5599999
1.40E-01,2.52
1.44E-01,2.52
1.48E-01,2.48
1.52E-01,2.52
1.56E-01,2.52
1.60E-01,2.52
1.64E-01,2.52
1.68E-01,2.52
1.72E-01,2.52
1.76E-01,2.52
1.80E-01,2.52
1.84E-01,2.52
1.88E-01,2.52
1.92E-01,2.52
1.96E-01,2.52
2.00E-01,2.52
2.04E-01,2.52
2.08E-01,2.52
2.12E-01,2.52
2.16E-01,2.52
2.20E-01,2.5599999
2.24E-01,2.52
2.28E-01,2.52
2.32E-01,2.52
2.36E-01,2.52
2.40E-01,2.52
2.44E-01,2.52
2.48E-01,2.52
2.52E-01,2.52
2.56E-01,2.52
2.60E-01,2.52
2.64E-01,2.52
2.68E-01,2.52
2.72E-01,2.52
2.76E-01,2.52
2.80E-01,2.52
2.84E-01,2.52
2.88E-01,2.52
2.92E-01,2.48
2.96E-01,2.52
3.00E-01,2.52
3.04E-01,2.52
3.08E-01,2.52
3.12E-01,2.52
3.16E-01,2.52
3.20E-01,2.52
3.24E-01,2.52
3.28E-01,2.52
3.32E-01,2.52
3.36E-01,2.52
3.40E-01,2.52
3.44E-01,2.52
3.48E-01,2.52
3.52E-01,2.48
3.56E-01,2.52
3.60E-01,2.48
3.64E-01,2.52
3.68E-01,2.48
3.72E-01,2.52
3.76E-01,2.52
3.80E-01,2.52
3.84E-01,2.52
3.88E-01,2.52
3.92E-01,2.52
3.96E-01,2.52
4.00E-01,2.52
4.04E-01,2.52
4.08E-01,2.52
4.12E-01,2.52
4.16E-01,2.52
4.20E-01,2.52
4.24E-01,2.52
4.28E-01,2.52
4.32E-01,2.52
4.36E-01,2.52
4.40E-01,2.52
4.44E-01,2.52
4.48E-01,2.52
4.52E-01,2.52
4.56E-01,2.5599999
4.60E-01,2.5599999
4.64E-01,2.52
4.68E-01,2.52
4.72E-01,2.52
4.76E-01,2.52
4.80E-01,2.5599999
4.84E-01,2.52
4.88E-01,2.52
4.92E-01,2.52
4.96E-01,2.5599999
5.00E-01,2.52
5.04E-01,2.52
5.08E-01,2.52
5.12E-01,2.52
5.16E-01,2.5599999
5.20E-01,2.52
5.24E-01,2.52
5.28E-01,2.52
5.32E-01,2.48
5.36E-01,2.52
5.40E-01,2.52
5.44E-01,2.52
5.48E-01,2.52
5.52E-01,2.52
5.56E-01,2.52
5.60E-01,2.52
5.64E-01,2.52
5.68E-01,2.48
5.72E-01,2.52
5.76E-01,2.48
5.80E-01,2.52
5.84E-01,2.48
5.88E-01,2.52
5.92E-01,2.52
5.96E-01,2.52
6.00E-01,2.52
6.04E-01,2.52
6.08E-01,2.52
6.12E-01,2.52
6.16E-01,2.52
6.20E-01,2.52
6.24E-01,2.52
6.28E-01,2.52
6.32E-01,2.52
6.36E-01,2.52
6.40E-01,2.52
6.44E-01,2.52
6.48E-01,2.5599999
6.52E-01,2.52
6.56E-01,2.52
6.60E-01,2.52
6.64E-01,2.52
6.68E-01,2.52
6.72E-01,2.52
6.76E-01,2.52
6.80E-01,2.52
6.84E-01,2.52
6.88E-01,2.52
6.92E-01,2.52
6.96E-01,2.48
7.00E-01,2.52
7.04E-01,2.52
7.08E-01,2.52
7.12E-01,2.52
7.16E-01,2.52
7.20E-01,2.52
7.24E-01,2.52
7.28E-01,2.52
7.32E-01,2.52
7.36E-01,2.52
7.40E-01,2.52
7.44E-01,2.52
7.48E-01,2.52
7.52E-01,2.52
7.56E-01,2.5599999
7.60E-01,2.52
7.64E-01,2.52
7.68E-01,2.52
7.72E-01,2.52
7.76E-01,2.52
7.80E-01,2.52
7.84E-01,2.52
7.88E-01,2.52
7.92E-01,2.52
7.96E-01,2.52
8.00E-01,2.52
8.04E-01,2.52
8.08E-01,2.52
8.12E-01,2.52
8.16E-01,2.48
8.20E-01,2.52
8.24E-01,2.52
8.28E-01,2.52
8.32E-01,2.52
8.36E-01,2.52
8.40E-01,2.5599999
8.44E-01,2.52
8.48E-01,2.52
8.52E-01,2.52
8.56E-01,2.52
8.60E-01,2.48
8.64E-01,2.52
8.68E-01,2.52
8.72E-01,2.52
8.76E-01,2.52
8.80E-01,2.52
8.84E-01,2.52
8.88E-01,2.52
8.92E-01,2.48
8.96E-01,2.52
9.00E-01,2.5999999
9.04E-01,2.52
9.08E-01,2.52
9.12E-01,2.52
9.16E-01,2.52
9.20E-01,2.52
9.24E-01,2.52
9.28E-01,2.52
9.32E-01,2.52
9.36E-01,2.52
9.40E-01,2.52
9.44E-01,2.52
9.48E-01,2.52
9.52E-01,2.52
9.56E-01,2.52
9.60E-01,2.52
9.64E-01,2.52
9.68E-01,2.52
9.72E-01,2.52
9.76E-01,2.5599999
9.80E-01,2.52
9.84E-01,2.52
9.88E-01,2.5599999
9.92E-01,2.52
9.96E-01,2.52
1,2.52
1.0040001,2.52
1.008,2.52
1.0120001,2.52
1.016,2.52
1.0200001,2.52
1.024,2.5599999
1.028,2.52
1.0320001,2.52
1.036,2.52
1.0400001,2.52
1.044,2.48
1.0480001,2.52
1.052,2.5599999
1.056,2.52
1.0600001,2.52
1.064,2.52
1.0680001,2.52
1.072,2.52
1.0760001,2.48
1.08,2.52
1.0840001,2.52
1.0880001,2.52
1.092,2.52
1.0960001,2.48
1.1,2.5599999
1.1040001,2.52
1.108,2.52
1.1120001,2.52
1.1160001,2.52
1.12,2.52
1.1240001,2.52
1.128,2.52
1.1320001,2.52
1.136,2.52
1.1400001,2.52
1.1440001,2.52
1.148,2.52
1.1520001,2.52
1.156,2.52
1.1600001,2.48
1.164,2.52
1.1680001,2.52
1.1720001,2.52
1.176,2.52
1.1800001,2.52
1.184,2.52
1.1880001,2.52
1.192,2.52
1.1960001,2.52
1.2,2.52
1.2040001,2.52
1.2080001,2.52
1.212,2.48
1.2160001,2.52
1.22,2.52
1.2240001,2.52
1.228,2.52
1.2320001,2.52
1.2360001,2.52
1.24,2.52
1.2440001,2.52
1.248,2.52
1.2520001,2.52
1.256,2.52
1.2600001,2.52
1.2640001,2.5599999
1.268,2.52
1.2720001,2.52
1.276,2.52
1.2800001,2.52
1.284,2.52
1.2880001,2.52
1.2920001,2.52
1.296,2.52
1.3000001,2.52
1.304,2.48
1.3080001,2.5599999
1.312,2.52
1.3160001,2.52
1.3200001,2.52
1.3240001,2.52
1.3280001,2.52
1.332,2.52
1.3360001,2.52
1.34,2.52
1.3440001,2.52
1.348,2.52
1.3520001,2.5599999
1.3560001,2.52
1.36,2.52
1.3640001,2.52
1.368,2.52
1.3720001,2.52
1.376,2.52
1.3800001,2.52
1.3840001,2.52
1.388,2.52
1.3920001,2.52
1.396,2.52
1.4000001,2.52
1.404,2.52
1.4080001,2.52
1.4120001,2.52
1.416,2.52
1.4200001,2.52
1.424,2.52
1.4280001,2.5599999
1.432,2.52
1.4360001,2.52
1.4400001,2.52
1.4440001,2.52
1.4480001,2.5599999
1.452,2.52
1.4560001,2.52
1.46,2.52
1.4640001,2.52
1.4680001,2.52
1.4720001,2.52
1.4760001,2.52
1.48,2.52
1.4840001,2.52
1.488,2.52
1.4920001,2.52
1.4960001,2.52
1.5000001,2.52
1.5040001,2.52
1.508,2.52
1.5120001,2.52
1.516,2.52
1.5200001,2.52
1.524,2.52
1.5280001,2.52
1.5320001,2.52
1.536,2.52
1.5400001,2.52
1.544,2.52
1.5480001,2.52
1.552,2.52
1.5560001,2.52
1.5600001,2.52
1.5640001,2.52
1.5680001,2.52
1.572,2.52
1.5760001,2.52
1.58,2.52
1.5840001,2.52
1.5880001,2.52
1.5920001,2.48
1.5960001,2.52
1.6,2.5599999
1.6040001,2.52
1.608,2.52
1.6120001,2.52
1.6160001,2.52
1.6200001,2.52
1.6240001,2.52
1.628,2.52
1.6320001,2.52
1.636,2.5599999
1.6400001,2.52
1.6440001,2.52
1.6480001,2.52
1.6520001,2.5599999
1.6560001,2.52
1.6600001,2.48
1.664,2.52
1.6680001,2.52
1.6720001,2.52
1.6760001,2.52
1.6800001,2.52
1.6840001,2.52
1.6880001,2.52
1.692,2.52
1.6960001,2.52
1.7,2.52
1.7040001,2.52
1.7080001,2.48
1.7120001,2.48
1.7160001,2.4400001
1.72,2.48
1.7240001,2.3999999
1.728,2.3999999
1.7320001,2.3999999
1.7360001,2.3599999
1.7400001,2.3599999
1.7440001,2.3599999
1.748,2.3599999
1.7520001,2.28
1.756,2.28
1.7600001,2.28
1.7640001,2.28
1.7680001,2.28
1.7720001,2.28
1.7760001,2.2
1.7800001,2.24
1.784,2.24
1.7880001,2.2
1.7920001,2.2
1.7960001,2.2
1.8000001,2.1599998
1.8040001,2.1599998
1.8080001,2.1199999
1.812,2.1199999
1.8160001,2.0799999
1.8200001,2.0799999
1.8240001,2.0799999
1.8280001,2.04
1.8320001,2.04
1.8360001,2.04
1.84,2
1.8440001,2.04
1.848,2
1.8520001,2
1.8560001,2
1.8600001,2
1.8640001,1.92
1.868,1.9599999
1.8720001,1.9599999
1.876,1.92
1.8800001,1.92
1.8840001,1.92
1.8880001,1.88
1.8920001,1.88
1.8960001,1.8399999
1.9000001,1.8399999
1.904,1.8399999
1.9080001,1.8
1.9120001,1.8
1.9160001,1.8
1.9200001,1.8
1.9240001,1.7199999
1.9280001,1.76
1.932,1.76
1.9360001,1.76
1.9400001,1.7199999
1.9440001,1.6799999
1.9480001,1.7199999
1.9520001,1.7199999
1.9560001,1.7199999
1.96,1.6799999
1.9640001,1.6799999
1.9680001,1.6799999
1.9720001,1.5999999
1.9760001,1.5999999
1.9800001,1.5999999
1.9840001,1.5999999
1.988,1.5999999
1.9920001,1.5599999
1.9960001,1.5599999
2,1.5599999
2.0040002,1.5599999
2.0080001,1.5599999
2.0120001,1.5599999
2.016,1.52
2.02,1.52
2.0240002,1.48
2.0280001,1.48
2.0320001,1.4399999
2.036,1.48
2.0400002,1.48
2.0440001,1.48
2.0480001,1.4399999
2.052,1.4399999
2.056,1.4399999
2.0600002,1.4399999
2.0640001,1.4
2.0680001,1.4399999
2.072,1.4
2.0760002,1.4
2.0800002,1.36
2.0840001,1.36
2.0880001,1.36
2.092,1.36
2.0960002,1.3199999
2.1000001,1.36
2.1040001,1.3199999
2.108,1.36
2.112,1.3199999
2.1160002,1.3199999
2.1200001,1.3199999
2.1240001,1.28
2.128,1.28
2.1320002,1.28
2.1360002,1.28
2.1400001,1.28
2.1440001,1.28
2.148,1.28
2.1520002,1.24
2.1560001,1.24
2.1600001,1.24
2.164,1.1999999
2.1680002,1.24
2.1720002,1.24
2.1760001,1.24
2.1800001,1.1999999
2.184,1.1999999
2.1880002,1.16
2.1920002,1.1999999
2.1960001,1.1999999
2.2,1.16
2.204,1.16
2.2080002,1.16
2.2120001,1.16
2.2160001,1.16
2.22,1.12
2.2240002,1.16
2.2280002,1.16
2.2320001,1.12
2.2360001,1.12
2.24,1.12
2.2440002,1.0799999
2.2480001,1.12
2.2520001,1.12
2.256,1.0799999
2.26,1.12
2.2640002,1.0799999
2.2680001,1.12
2.2720001,1.04
2.276,1.0799999
2.2800002,1.0799999
2.2840002,1.0799999
2.2880001,1.0799999
2.2920001,1.0799999
2.296,1.04
2.3000002,1.04
2.3040001,1.0799999
2.3080001,1.04
2.312,1.04
2.3160002,1.04
2.3200002,1
2.3240001,1.04
2.3280001,1.04
2.332,1.04
2.3360002,1
2.3400002,1.04
2.3440001,1.04
2.348,1.04
2.352,1
2.3560002,1
2.3600001,1
2.3640001,1.04
2.368,1
2.3720002,1
2.3760002,1
2.3800001,1
2.3840001,1
2.388,9.60E-01
2.3920002,1
2.3960001,1
2.4000001,1
2.404,1
2.4080002,1
2.4120002,9.60E-01
2.4160001,1
2.4200001,9.60E-01
2.424,9.60E-01
2.4280002,9.60E-01
2.4320002,9.60E-01
2.4360001,1
2.4400001,9.60E-01
2.444,9.60E-01
2.4480002,9.60E-01
2.4520001,9.60E-01
2.4560001,9.60E-01
2.46,9.60E-01
2.4640002,9.60E-01
2.4680002,9.60E-01
2.4720001,9.60E-01
2.4760001,9.60E-01
2.48,9.60E-01
2.4840002,9.60E-01
2.4880002,9.60E-01
2.4920001,9.60E-01
2.4960001,9.60E-01
2.5,9.60E-01
2.5040002,9.60E-01
2.5080001,9.60E-01
2.5120001,9.20E-01
2.516,9.60E-01
2.5200002,9.60E-01
2.5240002,9.60E-01
2.5280001,9.20E-01
2.5320001,9.60E-01
2.536,9.20E-01
2.5400002,9.60E-01
2.5440001,9.60E-01
2.5480001,9.60E-01
2.552,9.60E-01
2.5560002,9.20E-01
2.5600002,9.60E-01
2.5640001,9.60E-01
2.5680001,9.20E-01
2.572,9.60E-01
2.5760002,9.60E-01
2.5800002,9.60E-01
2.5840001,9.60E-01
2.5880001,9.20E-01
2.592,9.60E-01
2.5960002,9.20E-01
2.6000001,9.60E-01
2.6040001,9.20E-01
2.608,9.20E-01
2.6120002,9.20E-01
2.6160002,9.20E-01
2.6200001,9.20E-01
2.6240001,9.20E-01
2.628,9.60E-01
2.6320002,9.60E-01
2.6360002,9.20E-01
2.6400001,9.20E-01
2.6440001,9.60E-01
2.6480002,9.20E-01
2.6520002,9.60E-01
2.6560001,9.60E-01
2.6600001,9.20E-01
2.664,9.60E-01
2.6680002,9.20E-01
2.6720002,9.20E-01
2.6760001,9.20E-01
2.6800001,9.20E-01
2.684,9.60E-01
2.6880002,9.60E-01
2.6920002,9.60E-01
2.6960001,9.60E-01
2.7,9.60E-01
2.7040002,9.20E-01
2.7080002,9.20E-01
2.7120001,9.60E-01
2.7160001,9.60E-01
2.72000003,9.20E-01
2.72400022,9.20E-01
2.72800016,9.20E-01
2.73200011,9.20E-01
2.73600006,9.20E-01
2.74000025,9.60E-01
2.7440002,9.60E-01
2.74800014,9.60E-01
2.75200009,9.60E-01
2.75600004,9.60E-01
2.76000023,9.60E-01
2.76400018,9.60E-01
2.76800013,9.60E-01
2.77200007,9.60E-01
2.77600002,9.60E-01
2.78000021,9.20E-01
2.78400016,9.20E-01
2.78800011,9.20E-01
2.79200006,9.20E-01
2.79600024,9.60E-01
2.80000019,9.60E-01
2.80400014,9.60E-01
2.80800009,9.20E-01
2.81200004,9.20E-01
2.81600022,9.60E-01
2.82000017,9.60E-01
2.82400012,9.20E-01
2.82800007,9.60E-01
2.83200002,9.60E-01
2.8360002,9.60E-01
2.84000015,9.60E-01
2.8440001,9.60E-01
2.84800005,9.60E-01
2.85200024,9.60E-01
2.85600019,9.60E-01
2.86000013,9.20E-01
2.86400008,9.60E-01
2.86800003,9.20E-01
2.87200022,9.60E-01
2.87600017,9.60E-01
2.88000011,9.60E-01
2.88400006,9.60E-01
2.88800025,9.60E-01
2.8920002,9.60E-01
2.89600015,9.60E-01
2.9000001,9.60E-01
2.90400004,9.60E-01
2.90800023,9.60E-01
2.91200018,9.60E-01
2.91600013,9.60E-01
2.92000008,9.60E-01
2.92400002,9.20E-01
2.92800021,9.60E-01
2.93200016,9.60E-01
2.93600011,9.60E-01
2.94000006,9.60E-01
2.94400024,9.60E-01
2.94800019,9.60E-01
2.95200014,9.60E-01
2.95600009,9.60E-01
2.96000004,9.60E-01
2.96400023,9.60E-01
2.96800017,9.60E-01
2.97200012,1
2.97600007,9.60E-01
2.98000026,9.60E-01
2.98400021,9.60E-01
2.98800015,9.60E-01
2.9920001,9.60E-01
2.99600005,9.60E-01
3.00000024,9.60E-01
3.00400019,9.60E-01
3.00800014,9.60E-01
3.01200008,9.60E-01
3.01600003,9.60E-01
3.02000022,9.60E-01
3.02400017,9.60E-01
3.02800012,9.60E-01
3.03200006,1
3.03600025,9.60E-01
3.0400002,1
3.04400015,9.60E-01
3.0480001,9.60E-01
3.05200005,1
3.05600023,9.60E-01
3.06000018,1
3.06400013,9.60E-01
3.06800008,9.60E-01
3.07200003,9.60E-01
3.07600021,1
3.08000016,9.60E-01
3.08400011,9.60E-01
3.08800006,9.60E-01
3.09200025,9.60E-01
3.09600019,9.60E-01
3.10000014,9.60E-01
3.10400009,9.60E-01
3.10800004,9.60E-01
3.11200023,1
3.11600018,9.60E-01
3.12000012,1
3.12400007,1
3.12800026,1
3.13200021,1
3.13600016,1
3.1400001,1
3.14400005,9.60E-01
3.14800024,9.60E-01
3.15200019,1
3.15600014,1
3.16000009,9.60E-01
3.16400003,1
3.16800022,1
3.17200017,1
3.17600012,1
3.18000007,1
3.18400025,1
3.1880002,1
3.19200015,1
3.1960001,1
3.20000005,1
3.20400023,1
3.20800018,1
3.21200013,1
3.21600008,1
3.22000027,1
3.22400022,1
3.22800016,1
3.23200011,1
3.23600006,1
3.24000025,1
3.2440002,1
3.24800014,9.60E-01
3.25200009,1
3.25600004,1
3.26000023,9.60E-01
3.26400018,1
3.26800013,9.60E-01
3.27200007,1
3.27600026,1
3.28000021,1
3.28400016,1
3.28800011,1
3.29200006,1
3.29600024,1
3.30000019,1
3.30400014,1
3.30800009,1
3.31200027,1
3.31600022,1.04
3.32000017,1
3.32400012,1
3.32800007,1
3.33200026,9.60E-01
3.3360002,1
3.34000015,1
3.3440001,1
3.34800005,1
3.35200024,1
3.35600019,1
3.36000013,1
3.36400008,1
3.36800027,1
3.37200022,1
3.37600017,1
3.38000011,1
3.38400006,1
3.38800025,1
3.3920002,1
3.39600015,1
3.4000001,1.04
3.40400004,1
3.40800023,1
3.41200018,1
3.41600013,1
3.42000008,1.04
3.42400026,1
3.42800021,1
3.43200016,1
3.43600011,1
3.44000006,1
3.44400024,1
3.44800019,1.04
3.45200014,1
3.45600009,1
3.46000028,1
3.46400023,1
3.46800017,1
3.47200012,1
3.47600007,1
3.48000026,1
3.48400021,1
3.48800015,1
3.4920001,1.04
3.49600005,1
3.50000024,1.04
3.50400019,1
3.50800014,1
3.51200008,1
3.51600027,1.04
3.52000022,1
3.52400017,1
3.52800012,1
3.53200006,1
3.53600025,1
3.5400002,1
3.54400015,9.60E-01
3.5480001,1
3.55200028,1.04
3.55600023,1
3.56000018,1
3.56400013,1
3.56800008,1
3.57200027,1
3.57600021,1.04
3.58000016,1
3.58400011,1
3.58800006,1
3.59200025,1.04
3.59600019,1
3.60000014,1
3.60400009,1.04
3.60800028,1
3.61200023,1
3.61600018,1
3.62000012,1
3.62400007,1
3.62800026,1.04
3.63200021,1
3.63600016,1.04
3.6400001,1.04
3.64400029,1
3.64800024,1
3.65200019,1
3.65600014,1
3.66000009,1
3.66400027,1
3.66800022,1
3.67200017,1
3.67600012,1.04
3.68000007,1.04
3.68400025,1
3.6880002,1
3.69200015,1.04
3.6960001,9.60E-01
3.70000029,1
3.70400023,1
3.70800018,1
3.71200013,1.04
3.71600008,9.60E-01
3.72000027,1.04
3.72400022,9.60E-01
3.72800016,1
3.73200011,1.04
3.73600006,1
3.74000025,1
3.7440002,1.04
3.74800014,1
3.75200009,1
3.75600028,1
3.76000023,1.04
3.76400018,1
3.76800013,1
3.77200007,1
3.77600026,1
3.78000021,1.04
3.78400016,1
3.78800011,1.04
3.79200029,1
3.79600024,1.04
3.80000019,1.04
3.80400014,1.04
3.80800009,1
3.81200027,1
3.81600022,1.04
3.82000017,1
3.82400012,1.04
3.82800007,1.04
3.83200026,1
3.8360002,1
3.84000015,1
3.8440001,1
3.84800029,1
3.85200024,1
3.85600019,1
3.86000013,1
3.86400008,1
3.86800027,1.04
3.87200022,1
3.87600017,1.04
3.88000011,1
3.8840003,1.04
3.88800025,1
3.8920002,1
3.89600015,1.04
3.9000001,1
3.90400028,1.04
3.90800023,1
3.91200018,1
3.91600013,1
3.92000008,1
3.92400026,1
3.92800021,1
3.93200016,1
3.93600011,1.04
3.9400003,1.04
3.94400024,1.04
3.94800019,1
3.95200014,1.04
3.95600009,1.04
3.96000028,1
3.96400023,1
3.96800017,1
3.97200012,1
3.97600007,1.04
3.98000026,1
3.98400021,1.04
3.98800015,1
3.9920001,1
3.99600029,1
4,1.04
4.00400019,1.04
4.00800037,1
4.01200008,1
4.01600027,1
4.01999998,1
4.02400017,1
4.02800035,1.04
4.03200006,1
4.03600025,1
4.03999996,1
4.04400015,1
4.04800034,1.04
4.05200005,1.04
4.05600023,1.04
4.06000042,1
4.06400013,1
4.06800032,1.04
4.07200003,1
4.07600021,1.04
4.0800004,1.04
4.08400011,1
4.0880003,1.04
4.09200001,1
4.09600019,1
4.10000038,1
4.10400009,1.04
4.10800028,1
4.11199999,1
4.11600018,1
4.12000036,1
4.12400007,1.04
4.12800026,1
4.13199997,1.04
4.13600016,1.04
4.14000034,1
4.14400005,1
4.14800024,1.04
4.15200043,1
4.15600014,1
4.16000032,1
4.16400003,1.04
4.16800022,1
4.17200041,1
4.17600012,1
4.18000031,1.04
4.18400002,1.04
4.1880002,1
4.19200039,1
4.1960001,1
4.20000029,1
4.204,1
4.20800018,1.04
4.21200037,1
4.21600008,1
4.22000027,1
4.22399998,1
4.22800016,1
4.23200035,1
4.23600006,1.04
4.24000025,1.04
4.24400043,1
4.24800014,1.04
4.25200033,1
4.25600004,1
4.26000023,1
4.26400042,1.04
4.26800013,1
4.27200031,1.04
4.27600002,1.04
4.28000021,1.04
4.2840004,1.04
4.28800011,1
4.29200029,1.04
4.296,1
4.30000019,1.04
4.30400038,1
4.30800009,1
4.31200027,1
4.31599998,1.04
4.32000017,1
4.32400036,1
4.32800007,1
4.33200026,1
4.33600044,1
4.34000015,1
4.34400034,1.04
4.34800005,1
4.35200024,1.04
4.35600042,1
4.36000013,1
4.36400032,1.04
4.36800003,1.04
4.37200022,1.04
4.3760004,1
4.38000011,1
4.3840003,1
4.38800001,1
4.3920002,1.04
4.39600039,1.04
4.4000001,1.04
4.40400028,1.04
4.40799999,1
4.41200018,1
4.41600037,1
4.42000008,1.04
4.42400026,1
4.42799997,1.04
4.43200016,1
4.43600035,1
4.44000006,1
4.44400024,1
4.44800043,1
4.45200014,1.04
4.45600033,1
4.46000004,1.04
4.46400023,1
4.46800041,1
4.47200012,1.04
4.47600031,1.04
4.48000002,1
4.48400021,1
4.48800039,1
4.4920001,1
4.49600029,1.04
4.5,1
4.50400019,1
4.50800037,1
4.51200008,1
4.51600027,1
4.51999998,1.04
4.52400017,1
4.52800035,1
4.53200006,1
4.53600025,1
4.54000044,1
4.54400015,1.04
4.54800034,1.04
4.55200005,1.04
4.55600023,1
4.56000042,1
4.56400013,1
4.56800032,1
4.57200003,1
4.57600021,1.04
4.5800004,1.04
4.58400011,1
4.5880003,1
4.59200001,1
4.59600019,1.04
4.60000038,1
4.60400009,1.04
4.60800028,1
4.61199999,1
4.61600018,1
4.62000036,1
4.62400007,1
4.62800026,1.04
4.63200045,1
4.63600016,1
4.64000034,1
4.64400005,1.04
4.64800024,1
4.65200043,1.04
4.65600014,1
4.66000032,1.04
4.66400003,1
4.66800022,1.04
4.67200041,1
4.67600012,1
4.68000031,1
4.68400002,1
4.6880002,1
4.69200039,1.04
4.6960001,1
4.70000029,1
4.704,1
4.70800018,1
4.71200037,1
4.71600008,1.04
4.72000027,9.60E-01
4.72400045,1
4.72800016,1
4.73200035,1
4.73600006,1
4.74000025,1
4.74400043,1
4.74800014,1.04
4.75200033,1
4.75600004,1.04
4.76000023,1
4.76400042,1.04
4.76800013,1.04
4.77200031,1.04
4.77600002,1
4.78000021,1.04
4.7840004,1.04
4.78800011,1.04
4.79200029,1.04
4.796,1
4.80000019,1
4.80400038,1
4.80800009,9.60E-01
4.81200027,1
4.81600046,1
4.82000017,1.04
4.82400036,1.04
4.82800007,1
4.83200026,1.04
4.83600044,1
4.84000015,1
4.84400034,1
4.84800005,1
4.85200024,1
4.85600042,1
4.86000013,1
4.86400032,1
4.86800003,1
4.87200022,1
4.8760004,1
4.88000011,1
4.8840003,1
4.88800001,1
4.8920002,1.04
4.89600039,1.04
4.9000001,1
4.90400028,1
4.90800047,1
4.91200018,1.04
4.91600037,1
4.92000008,1
4.92400026,1
4.92800045,1
4.93200016,1.04
4.93600035,1
4.94000006,1
4.94400024,1
4.94800043,1
4.95200014,1.04
4.95600033,1
4.96000004,1
4.96400023,1
4.96800041,1
4.97200012,1.04
4.97600031,1
4.98000002,1
4.98400021,9.60E-01
4.98800039,1
4.9920001,1.04
4.99600029,1
5,1
5.00400019,1
5.00800037,1
5.01200008,1
5.01600027,1
5.02000046,1
5.02400017,1
5.02800035,1
5.03200006,1
5.03600025,1
5.04000044,1
5.04400015,1
5.04800034,1
5.05200005,1
5.05600023,1
5.06000042,1.04
5.06400013,1
5.06800032,1
5.07200003,1
5.07600021,1
5.0800004,1.04
5.08400011,1
5.0880003,1
5.09200001,1.04
5.09600019,1
5.10000038,1
5.10400009,1
5.10800028,1.04
5.11200047,1.04
5.11600018,1.04
5.12000036,1
5.12400007,1.04
5.12800026,1
5.13200045,1
5.13600016,1
5.14000034,1.04
5.14400005,1
5.14800024,1
5.15200043,1
5.15600014,1
5.16000032,1
5.16400003,1
5.16800022,1
5.17200041,1
5.17600012,1.04
5.18000031,1
5.18400002,1.04
5.1880002,1.04
5.19200039,1
5.1960001,1.04
5.20000029,1
5.20400047,1
5.20800018,1
5.21200037,1.04
5.21600008,1.04
5.22000027,1
5.22400045,1
5.22800016,1
5.23200035,1
5.23600006,1
5.24000025,1
5.24400043,1
5.24800014,1
5.25200033,1
5.25600004,1
5.26000023,1
5.26400042,1
5.26800013,1.04
5.27200031,1
5.27600002,1
5.28000021,1
5.2840004,1
5.28800011,1
5.29200029,1
5.29600048,1
5.30000019,1.04
5.30400038,1
5.30800009,1
5.31200027,1
5.31600046,1
5.32000017,1
5.32400036,1.04
5.32800007,1
5.33200026,1
5.33600044,1
5.34000015,1
5.34400034,1.04
5.34800005,1.04
5.35200024,1
5.35600042,1.04
5.36000013,1
5.36400032,1.04
5.36800003,1
5.37200022,1
5.3760004,1
5.38000011,1
5.3840003,1
5.38800049,1
5.3920002,1.04
5.39600039,1
5.4000001,1
5.40400028,1
5.40800047,1
5.41200018,1
5.41600037,1
5.42000008,1
5.42400026,1
5.42800045,1
5.43200016,9.60E-01
5.43600035,1.04
5.44000006,1.04
5.44400024,1
5.44800043,1.04
5.45200014,1
5.45600033,1
5.46000004,1.04
5.46400023,1.04
5.46800041,1
5.47200012,1
5.47600031,1
5.4800005,1
5.48400021,1.04
5.48800039,1
5.4920001,1
5.49600029,1
5.50000048,1
5.50400019,1.04
5.50800037,1
5.51200008,1
5.51600027,1
5.52000046,1
5.52400017,1.04
5.52800035,1
5.53200006,1
5.53600025,1
5.54000044,1
5.54400015,1
5.54800034,1
5.55200005,1
5.55600023,1
5.56000042,1
5.56400013,1
5.56800032,1.04
5.57200003,1
5.57600021,1
5.5800004,1.04
5.58400011,1
5.5880003,1
5.59200048,1
5.59600019,1.04
5.60000038,1
5.60400009,1.04
5.60800028,1
5.61200047,1
5.61600018,1
5.62000036,1
5.62400007,1
5.62800026,1
5.63200045,1.04
5.63600016,1
5.64000034,1
5.64400005,1
5.64800024,1
5.65200043,1
5.65600014,1.04
5.66000032,1
5.66400003,1
5.66800022,1.04
5.67200041,1
5.67600012,1.04
5.68000031,1
5.68400049,1
5.6880002,1
5.69200039,1
5.6960001,1
5.70000029,1.04
5.70400047,1
5.70800018,1
5.71200037,1.04
5.71600008,1
5.72000027,1.04
5.72400045,1
5.72800016,1.04
5.73200035,1.04
5.73600006,1
5.74000025,1
5.74400043,1.04
5.74800014,1
5.75200033,1
5.75600004,1.04
5.76000023,1
5.76400042,1
5.76800013,1.04
5.77200031,1
5.7760005,1
5.78000021,1.04
5.7840004,1
5.78800011,1
5.79200029,1
5.79600048,1
5.80000019,1
5.80400038,1
5.80800009,1
5.81200027,1
5.81600046,1
5.82000017,1
5.82400036,1.04
5.82800007,1
5.83200026,1.04
5.83600044,1
5.84000015,1
5.84400034,1
5.84800005,1
5.85200024,1
5.85600042,1
5.86000013,1.04
5.86400032,1
5.86800051,1
5.87200022,1
5.8760004,1
5.88000011,1
5.8840003,1
5.88800049,1.04
5.8920002,1
5.89600039,1
5.9000001,1
5.90400028,1
5.90800047,1
5.91200018,1.04
5.91600037,1
5.92000008,1
5.92400026,1
5.92800045,1
5.93200016,1
5.93600035,1
5.94000006,1.04
5.94400024,1
5.94800043,1.04
5.95200014,1
5.95600033,1
5.96000051,1
5.96400023,1
5.96800041,1.04
5.97200012,1.04
5.97600031,1
5.9800005,1
5.98400021,1
5.98800039,1
5.9920001,1.04
5.99600029,1
6.00000048,1.04
6.00400019,1
6.00800037,1
6.01200008,1
6.01600027,1
6.02000046,1.04
6.02400017,1
6.02800035,1.04
6.03200006,1
6.03600025,1.04
6.04000044,1
6.04400015,1
6.04800034,1.04
6.05200052,1.04
6.05600023,1
6.06000042,1
6.06400013,1
6.06800032,1
6.0720005,1
6.07600021,1
6.0800004,1
6.08400011,1
6.0880003,1.04
6.09200048,1
6.09600019,1
6.10000038,1
6.10400009,1.04
6.10800028,1.04
6.11200047,1
6.11600018,1
6.12000036,1.04
6.12400007,1
6.12800026,1
6.13200045,1
6.13600016,1
6.14000034,1.04
6.14400005,1
6.14800024,1
6.15200043,1.04
6.15600014,1
6.16000032,1
6.16400051,1.04
6.16800022,1
6.17200041,1
6.17600012,1.04
6.18000031,1
6.18400049,1
6.1880002,1.04
6.19200039,1
6.1960001,1
6.20000029,1
6.20400047,1
6.20800018,1
6.21200037,1
6.21600008,1
6.22000027,1
6.22400045,1
6.22800016,1
6.23200035,1
6.23600006,1
6.24000025,1.04
6.24400043,1
6.24800014,1
6.25200033,1
6.25600052,1.04
6.26000023,1
6.26400042,1
6.26800013,1
6.27200031,1
6.2760005,1
6.28000021,1
6.2840004,1
6.28800011,1
6.29200029,1
6.29600048,1
6.30000019,1.04
6.30400038,1
6.30800009,1
6.31200027,1
6.31600046,1
6.32000017,1
6.32400036,1
6.32800007,1
6.33200026,1
6.33600044,1
6.34000015,1.04
6.34400034,1
6.34800053,1
6.35200024,1
6.35600042,1
6.36000013,1
6.36400032,1
6.36800051,1
6.37200022,1
6.3760004,1.04
6.38000011,1
6.3840003,1
6.38800049,1.04
6.3920002,1.04
6.39600039,1.04
6.4000001,1
6.40400028,1
6.40800047,1
6.41200018,1
6.41600037,1
6.42000008,1
6.42400026,1
6.42800045,1.04
6.43200016,1
6.43600035,1
6.44000053,1
6.44400024,1
6.44800043,1
6.45200014,1.04
6.45600033,1
6.46000051,1.04
6.46400023,1
6.46800041,1.04
6.47200012,1.04
6.47600031,1.04
6.4800005,1
6.48400021,1
6.48800039,1.04
6.4920001,1
6.49600029,1
6.50000048,1
6.50400019,1
6.50800037,1
6.51200008,1
6.51600027,1
6.52000046,1
6.52400017,1
6.52800035,1
6.53200054,1
6.53600025,1
6.54000044,1.04
6.54400015,1
6.54800034,1
6.55200052,1
6.55600023,1
6.56000042,1.04
6.56400013,1
6.56800032,1
6.5720005,1.04
6.57600021,1
6.5800004,1
6.58400011,1
6.5880003,1
6.59200048,1
6.59600019,1
6.60000038,1
6.60400009,1
6.60800028,1
6.61200047,1
6.61600018,1
6.62000036,1.04
6.62400055,1
6.62800026,1.04
6.63200045,1
6.63600016,1
6.64000034,1
6.64400053,1.04
6.64800024,1
6.65200043,1
6.65600014,1
6.66000032,1
6.66400051,1
6.66800022,1
6.67200041,1.04
6.67600012,1
6.68000031,9.60E-01
6.68400049,1
6.6880002,1
6.69200039,1
6.6960001,1
6.70000029,1
6.70400047,1
6.70800018,1.04
6.71200037,1.04
6.71600056,1.04
6.72000027,1
6.72400045,1
6.72800016,1
6.73200035,1
6.73600054,1.04
6.74000025,1
6.74400043,1
6.74800014,1
6.75200033,1
6.75600052,1
6.76000023,1
6.76400042,1
6.76800013,1
6.77200031,1
6.7760005,1
6.78000021,1
6.7840004,1.04
6.78800011,1
6.79200029,1
6.79600048,1.04
6.80000019,1
6.80400038,1.04
6.80800009,1.04
6.81200027,1
6.81600046,1.04
6.82000017,1
6.82400036,1
6.82800055,1
6.83200026,1
6.83600044,1
6.84000015,1.04
6.84400034,1
6.84800053,1.04
6.85200024,1
6.85600042,1.04
6.86000013,1
6.86400032,1.04
6.86800051,1
6.87200022,1
6.8760004,1
6.88000011,1
6.8840003,1
6.88800049,1
6.8920002,1
6.89600039,1.04
6.9000001,1
6.90400028,1
6.90800047,1.04
6.91200018,1
6.91600037,1
6.92000055,1
6.92400026,1
6.92800045,1.04
6.93200016,1.04
6.93600035,1
6.94000053,1.04
6.94400024,1
6.94800043,1.04
6.95200014,1
6.95600033,1
6.96000051,1
6.96400023,1
6.96800041,1
6.97200012,1
6.97600031,1
6.9800005,1
6.98400021,1
6.98800039,1.04
6.9920001,1
6.99600029,1
7.00000048,1
7.00400019,1
7.00800037,1
7.01200056,1
7.01600027,1
7.02000046,1.04
7.02400017,1
7.02800035,1.04
7.03200054,1
7.03600025,1
7.04000044,1.04
7.04400015,1
7.04800034,1
7.05200052,1
7.05600023,1
7.06000042,1
7.06400013,1
7.06800032,1.04
7.0720005,1
7.07600021,1
7.0800004,1
7.08400011,1
7.0880003,1.04
7.09200048,1.04
7.09600019,1
7.10000038,1.04
7.10400057,1
7.10800028,1
7.11200047,1
7.11600018,1
7.12000036,1.04
7.12400055,1
7.12800026,1
7.13200045,1
7.13600016,1
7.14000034,1
7.14400053,1
7.14800024,1
7.15200043,1.04
7.15600014,1
7.16000032,1
7.16400051,1
7.16800022,1.04
7.17200041,1
7.17600012,1.04
7.18000031,1
7.18400049,1
7.1880002,1
7.19200039,1
7.19600058,1
7.20000029,9.60E-01
7.20400047,1
7.20800018,1
7.21200037,1
7.21600056,1.04
7.22000027,1
7.22400045,1.04
7.22800016,1
7.23200035,1
7.23600054,1
7.24000025,1
7.24400043,1.04
7.24800014,1
7.25200033,1
7.25600052,1
7.26000023,1
7.26400042,1.04
7.26800013,1
7.27200031,1
7.2760005,1.04
7.28000021,1
7.2840004,1.04
7.28800058,1
7.29200029,1
7.29600048,1
7.30000019,1
7.30400038,1
7.30800056,1
7.31200027,1
7.31600046,1.04
7.32000017,1.04
7.32400036,1.04
7.32800055,1
7.33200026,1
7.33600044,1
7.34000015,1
7.34400034,1.04
7.34800053,1.04
7.35200024,1
7.35600042,1.04
7.36000013,1
7.36400032,1
7.36800051,1
7.37200022,1
7.3760004,1
7.38000011,1
7.3840003,1
7.38800049,1
7.392000198,1.04
7.396000385,1.04
7.400000572,1.04
7.404000282,1
7.408000469,1
7.412000179,1
7.416000366,1.04
7.420000553,1.04
7.424000263,1
7.42800045,1
7.43200016,1.04
7.436000347,1
7.440000534,1
7.444000244,1.04
7.448000431,1.04
7.452000141,1
7.456000328,1
7.460000515,1
7.464000225,1
7.468000412,1
7.472000122,1
7.476000309,1
7.480000496,1
7.484000206,1
7.488000393,1
7.49200058,1
7.49600029,1
7.500000477,1
7.504000187,1
7.508000374,1
7.512000561,1
7.516000271,1
7.520000458,1.04
7.524000168,1
7.528000355,1
7.532000542,1.04
7.536000252,1
7.540000439,1.04
7.544000149,1.04
7.548000336,1
7.552000523,1
7.556000233,1
7.56000042,1
7.56400013,1
7.568000317,1
7.572000504,1.04
7.576000214,1
7.580000401,1
7.584000587,1
7.588000298,1
7.592000484,1
7.596000195,1.04
7.600000381,1
7.604000568,1
7.608000278,1.04
7.612000465,1
7.616000175,1.04
7.620000362,1
7.624000549,1
7.628000259,1
7.632000446,1
7.636000156,1
7.640000343,1
7.64400053,1
7.64800024,1
7.652000427,1
7.656000137,1
7.660000324,1
7.664000511,1
7.668000221,1.04
7.672000408,1
7.676000595,1
7.680000305,1
7.684000492,1.04
7.688000202,1.04
7.692000389,1
7.696000576,1
7.700000286,1
7.704000473,1.04
7.708000183,1.04
7.71200037,1
7.716000557,1
7.720000267,1.04
7.724000454,1
7.728000164,1
7.732000351,1
7.736000538,1
7.740000248,1.04
7.744000435,1
7.748000145,1
7.752000332,1
7.756000519,1.04
7.760000229,1
7.764000416,1
7.768000603,1
7.772000313,1.04
7.7760005,1.04
7.78000021,1
7.784000397,1
7.788000584,1.04
7.792000294,1
7.796000481,1
7.800000191,1.04
7.804000378,1
7.808000565,1
7.812000275,1
7.816000462,1
7.820000172,1.04
7.824000359,1
7.828000546,1
7.832000256,1
7.836000443,1
7.840000153,1
7.84400034,1
7.848000526,1
7.852000237,1
7.856000423,1.04
7.86000061,1.04
7.86400032,1
7.868000507,1
7.872000217,1
7.876000404,1
7.880000591,1
7.884000301,1
7.888000488,1
7.892000198,1.04
7.896000385,1.04
7.900000572,1
7.904000282,1
7.908000469,1
7.912000179,1.04
7.916000366,1
7.920000553,1
7.924000263,1
7.92800045,1
7.93200016,1.04
7.936000347,1
7.940000534,1
7.944000244,1.04
7.948000431,1
7.952000141,1.04
7.956000328,1
7.960000515,1
7.964000225,1
7.968000412,1
7.972000599,1
7.976000309,1
7.980000496,1
7.984000206,1
7.988000393,1.04
7.99200058,1
7.99600029,1.04
8,1
8.004000664,1.04
8.008000374,1.04
8.012000084,1
8.016000748,1
8.020000458,1
8.024000168,1
8.028000832,1.04
8.032000542,1.04
8.036000252,1
8.039999962,1
8.044000626,1
8.048000336,1
8.052000046,1
8.05600071,1.04
8.06000042,1
8.06400013,1
8.068000793,1
8.072000504,1.04
8.076000214,1
8.079999924,1.04
8.084000587,1
8.088000298,1
8.092000008,1
8.096000671,1
8.100000381,1.04
8.104000092,1
8.108000755,1.04
8.112000465,1.04
8.116000175,1
8.120000839,1
8.124000549,1
8.128000259,1
8.131999969,1
8.136000633,1
8.140000343,1
8.144000053,1
8.148000717,1
8.152000427,1
8.156000137,1
8.160000801,1.04
8.164000511,1
8.168000221,1
8.171999931,1
8.176000595,1.04
8.180000305,1.04
8.184000015,1.04
8.188000679,1.04
8.192000389,1
8.196000099,1
8.200000763,1
8.204000473,1
8.208000183,1
8.212000847,1
8.216000557,1
8.220000267,1.04
8.223999977,1.04
8.228000641,9.60E-01
8.232000351,1
8.236000061,1.04
8.240000725,1
8.244000435,1
8.248000145,1
8.252000809,1
8.256000519,1.04
8.260000229,1
8.263999939,1
8.268000603,1
8.272000313,1
8.276000023,1
8.280000687,1
8.284000397,1.04
8.288000107,1
8.292000771,1
8.296000481,1
8.300000191,1
8.304000854,1
8.308000565,1
8.312000275,1
8.315999985,1.04
8.320000648,1.04
8.324000359,1
8.328000069,1
8.332000732,1
8.336000443,1
8.340000153,1
8.344000816,1
8.348000526,1
8.352000237,1
8.355999947,1.04
8.36000061,1
8.36400032,1
8.368000031,1
8.372000694,1.04
8.376000404,1
8.380000114,1
8.384000778,1
8.388000488,1.04
8.392000198,1
8.396000862,1.04
8.400000572,1
8.404000282,1
8.407999992,1
8.412000656,1.04
8.416000366,1
8.420000076,1
8.42400074,1
8.42800045,1
8.43200016,1
8.436000824,1
8.440000534,1
8.444000244,1
8.447999954,1
8.452000618,1.04
8.456000328,1
8.460000038,1
8.464000702,1
8.468000412,1
8.472000122,1
8.476000786,1.04
8.480000496,1.04
8.484000206,1.04
8.48800087,1
8.49200058,1
8.49600029,1
8.5,1
8.504000664,1
8.508000374,1.04
8.512000084,1
8.516000748,1.04
8.520000458,1
8.524000168,1
8.528000832,1
8.532000542,1
8.536000252,1.04
8.539999962,1
8.544000626,1
8.548000336,1.04
8.552000046,1
8.55600071,1.04
8.56000042,1
8.56400013,1
8.568000793,1.04
8.572000504,1
8.576000214,1
8.580000877,1
8.584000587,1
8.588000298,1.04
8.592000008,1
8.596000671,1
8.600000381,1
8.604000092,1
8.608000755,1.04
8.612000465,1.04
8.616000175,1.04
8.620000839,1
8.624000549,9.60E-01
8.628000259,1.04
8.631999969,1.04
8.636000633,1.04
8.640000343,1
8.644000053,1
8.648000717,1.04
8.652000427,1
8.656000137,1
8.660000801,1.04
8.664000511,1.04
8.668000221,1.04
8.672000885,1
8.676000595,1.04
8.680000305,1
8.684000015,1
8.688000679,1
8.692000389,1
8.696000099,1
8.700000763,1
8.704000473,1
8.708000183,1
8.712000847,1.04
8.716000557,1
8.720000267,1.04
8.723999977,1
8.728000641,1
8.732000351,1
8.736000061,1
8.740000725,1
8.744000435,1
8.748000145,1.04
8.752000809,1
8.756000519,1
8.760000229,1
8.764000893,1
8.768000603,1
8.772000313,1
8.776000023,1
8.780000687,9.60E-01
8.784000397,1
8.788000107,1
8.792000771,1.04
8.796000481,1
8.800000191,1.04
8.804000854,1
8.808000565,1
8.812000275,1.04
8.815999985,1
8.820000648,1.04
8.824000359,1
8.828000069,1
8.832000732,1.04
8.836000443,1.04
8.840000153,1.04
8.844000816,1
8.848000526,1.04
8.852000237,1
8.855999947,1.04
8.86000061,1
8.86400032,1
8.868000031,1.04
8.872000694,1
8.876000404,1
8.880000114,1
8.884000778,1.04
8.888000488,1
8.892000198,1
8.896000862,1
8.900000572,1
8.904000282,1
8.907999992,1
8.912000656,1
8.916000366,1
8.920000076,1
8.92400074,1
8.92800045,1
8.93200016,1
8.936000824,1.04
8.940000534,1
8.944000244,1.04
8.947999954,1
8.952000618,1
8.956000328,1
8.960000038,1.04
8.964000702,1
8.968000412,1.04
8.972000122,1.04
8.976000786,1
8.980000496,1
8.984000206,1
8.98800087,1
8.99200058,1
8.99600029,1
9,1
9.004000664,1.04
9.008000374,1
9.012000084,1
9.016000748,1.04
9.020000458,1
9.024000168,1
9.028000832,1.04
9.032000542,-2.6399999
9.036000252,-2.6399999
9.039999962,-2.6399999
9.044000626,-2.6399999
9.048000336,-2.6399999
9.052000046,-2.6399999
9.05600071,-2.6399999
9.06000042,-2.6399999
9.06400013,-2.6399999
9.068000793,-2.6399999
9.072000504,-2.6399999
9.076000214,-2.6399999
9.080000877,-2.6399999
9.084000587,-2.6399999
9.088000298,-2.6399999
9.092000008,-2.6399999
9.096000671,-2.6399999
9.100000381,-2.6399999
9.104000092,-2.6399999
9.108000755,-2.6399999
9.112000465,-2.6399999
9.116000175,-2.6399999
9.120000839,-2.6399999
9.124000549,-2.6399999
9.128000259,-2.6399999
9.131999969,-2.6399999
9.136000633,-2.6399999
9.140000343,-2.6399999
9.144000053,-2.6399999
9.148000717,-2.6399999
9.152000427,-2.6399999
9.156000137,-2.6399999
9.160000801,-2.6399999
9.164000511,-2.6399999
9.168000221,-2.6399999
9.172000885,-2.6399999
9.176000595,-2.6399999
9.180000305,-2.6399999
9.184000015,-2.6399999
9.188000679,-2.6399999
9.192000389,-2.6399999
9.196000099,-2.6399999
9.200000763,-2.6399999
9.204000473,-2.6399999
9.208000183,-2.6399999
9.212000847,-2.6399999
9.216000557,-2.6399999
9.220000267,-2.6399999
9.223999977,-2.6399999
9.228000641,-2.6399999
9.232000351,-2.6399999
9.236000061,-2.6399999
9.240000725,-2.6399999
9.244000435,-2.6399999
9.248000145,-2.6399999
9.252000809,-2.6399999
9.256000519,-2.6399999
9.260000229,-2.6399999
9.264000893,-2.6399999
9.268000603,-2.6399999
9.272000313,-2.6399999
9.276000023,-2.6399999
9.280000687,-2.6399999
9.284000397,-2.6399999
9.288000107,-2.6399999
9.292000771,-2.6399999
9.296000481,-2.6399999
9.300000191,-2.6399999
9.304000854,-2.6399999
9.308000565,-2.6399999
9.312000275,-2.6399999
9.315999985,-2.6399999
9.320000648,-2.6399999
9.324000359,-2.6399999
9.328000069,-2.6399999
9.332000732,-2.6399999
9.336000443,-2.6399999
9.340000153,-2.6399999
9.344000816,-2.6399999
9.348000526,-2.6399999
9.352000237,-2.6399999
9.3560009,-2.6399999
9.36000061,-2.6399999
9.36400032,-2.6399999
9.368000031,-2.6399999
9.372000694,-2.6399999
9.376000404,-2.6399999
9.380000114,-2.6399999
9.384000778,-2.6399999
9.388000488,-2.6399999
9.392000198,-2.6399999
9.396000862,-2.6399999
9.400000572,-2.6399999
9.404000282,-2.6399999
9.407999992,-2.6399999
9.412000656,-2.6399999
9.416000366,-2.6399999
9.420000076,-2.6399999
9.42400074,-2.6399999
9.42800045,-2.6399999
9.43200016,-2.6399999
9.436000824,-2.6399999
9.440000534,-2.6399999
9.444000244,-2.6399999
9.448000908,-2.6399999
9.452000618,-2.6399999
9.456000328,-2.6399999
9.460000038,-2.6399999
9.464000702,-2.6399999
9.468000412,-2.6399999
9.472000122,-2.6399999
9.476000786,-2.6399999
9.480000496,-2.6399999
9.484000206,-2.6399999
9.48800087,-2.6399999
9.49200058,-2.6399999
9.49600029,-2.6399999
9.5,-2.6399999
9.504000664,-2.6399999
9.508000374,-2.6399999
9.512000084,-2.6399999
9.516000748,-2.6399999
9.520000458,-2.6399999
9.524000168,-2.6399999
9.528000832,-2.6399999
9.532000542,-2.6399999
9.536000252,-2.6399999
9.540000916,-2.6399999
9.544000626,-2.6399999
9.548000336,-2.6399999
9.552000046,-2.6399999
9.55600071,-2.6399999
9.56000042,-2.6399999
9.56400013,-2.6399999
9.568000793,-2.6399999
9.572000504,-2.6399999
9.576000214,-2.6399999
9.580000877,-2.6399999
9.584000587,-2.6399999
9.588000298,-2.6399999
9.592000008,-2.6399999
9.596000671,-2.6399999
9.600000381,-2.6399999
9.604000092,-2.6399999
9.608000755,-2.6399999
9.612000465,-2.6399999
9.616000175,-2.6399999
9.620000839,-2.6399999
9.624000549,-2.6399999
9.628000259,-2.6399999
9.632000923,-2.6399999
9.636000633,-2.6399999
9.640000343,-2.6399999
9.644000053,-2.6399999
9.648000717,-2.6399999
9.652000427,-2.6399999
9.656000137,-2.6399999
9.660000801,-2.6399999
9.664000511,-2.6399999
9.668000221,-2.6399999
9.672000885,-2.6399999
9.676000595,-2.6399999
9.680000305,-2.6399999
9.684000015,-2.6399999
9.688000679,-2.6399999
9.692000389,-2.6399999
9.696000099,-2.6399999
9.700000763,-2.6399999
9.704000473,-2.6399999
9.708000183,-2.6399999
9.712000847,-2.6399999
9.716000557,-2.6399999
9.720000267,-2.6399999
9.724000931,-2.6399999
9.728000641,-2.6399999
9.732000351,-2.6399999
9.736000061,-2.6399999
9.740000725,-2.6399999
9.744000435,-2.6399999
9.748000145,-2.6399999
9.752000809,-2.6399999
9.756000519,-2.6399999
9.760000229,-2.6399999
9.764000893,-2.6399999
9.768000603,-2.6399999
9.772000313,-2.6399999
9.776000023,-2.6399999
9.780000687,-2.6399999
9.784000397,-2.6399999
9.788000107,-2.6399999
9.792000771,-2.6399999
9.796000481,-2.6399999
9.800000191,-2.6399999
9.804000854,-2.6399999
9.808000565,-2.6399999
9.812000275,-2.6399999
9.816000938,-2.6399999
9.820000648,-2.6399999
9.824000359,-2.6399999
9.828000069,-2.6399999
9.832000732,-2.6399999
9.836000443,-2.6399999
9.840000153,-2.6399999
9.844000816,-2.6399999
9.848000526,-2.6399999
9.852000237,-2.6399999
9.8560009,-2.6399999
9.86000061,-2.6399999
9.86400032,-2.6399999
9.868000031,-2.6399999
9.872000694,-2.6399999
9.876000404,-2.6399999
9.880000114,-2.6399999
9.884000778,-2.6399999
9.888000488,-2.6399999
9.892000198,-2.6399999
9.896000862,-2.6399999
9.900000572,-2.6399999
9.904000282,-2.6399999
9.908000946,-2.6399999
9.912000656,-2.6399999
9.916000366,-2.6399999
9.920000076,-2.6399999
9.92400074,-2.6399999
9.92800045,-2.6399999
9.93200016,-2.6399999
9.936000824,-2.6399999
9.940000534,-2.6399999
9.944000244,-2.6399999
9.948000908,-2.6399999
9.952000618,-2.6399999
9.956000328,-2.6399999
9.960000038,-2.6399999
9.964000702,-2.6399999
9.968000412,-2.6399999
9.972000122,-2.6399999
9.976000786,-2.6399999
9.980000496,-2.6399999
9.984000206,-2.6399999
9.98800087,-2.6399999
9.99200058,-2.6399999
9.99600029,-2.6399999
