8.00E-03,0
9.00E-03,0
1.00E-02,0
1.10E-02,0
1.20E-02,0
1.30E-02,0
1.40E-02,0
1.50E-02,0
1.60E-02,0
1.70E-02,0
1.80E-02,0
1.90E-02,0
2.00E-02,0
2.10E-02,0
2.20E-02,0
2.30E-02,0
2.40E-02,4.00E-02
2.50E-02,0
2.60E-02,0
2.70E-02,0
2.80E-02,0
2.90E-02,0
3.00E-02,0
3.10E-02,0
3.20E-02,0
3.30E-02,0
3.40E-02,4.00E-02
3.50E-02,0
3.60E-02,0
3.70E-02,0
3.80E-02,0
3.90E-02,0
4.00E-02,0
4.10E-02,0
4.20E-02,0
4.30E-02,4.00E-02
4.40E-02,0
4.50E-02,0
4.60E-02,0
4.70E-02,0
4.80E-02,0
4.90E-02,0
5.00E-02,0
5.10E-02,0
5.20E-02,0
5.30E-02,0
5.40E-02,0
5.50E-02,0
5.60E-02,0
5.70E-02,4.00E-02
5.80E-02,0
5.90E-02,-4.00E-02
6.00E-02,0
6.10E-02,4.00E-02
6.20E-02,0
6.30E-02,0
6.40E-02,0
6.50E-02,0
6.60E-02,0
6.70E-02,0
6.80E-02,0
6.90E-02,0
7.00E-02,0
7.10E-02,0
7.20E-02,0
7.30E-02,0
7.40E-02,0
7.50E-02,0
7.60E-02,0
7.70E-02,0
7.80E-02,4.00E-02
7.90E-02,0
8.00E-02,0
8.10E-02,0
8.20E-02,0
8.30E-02,0
8.40E-02,0
8.50E-02,4.00E-02
8.60E-02,0
8.70E-02,0
8.80E-02,0
8.90E-02,0
9.00E-02,0
9.10E-02,0
9.20E-02,0
9.30E-02,0
9.40E-02,0
9.50E-02,0
9.60E-02,0
9.70E-02,0
9.80E-02,0
9.90E-02,0
1.00E-01,0
1.01E-01,0
1.02E-01,0
1.03E-01,0
1.04E-01,0
1.05E-01,0
1.06E-01,0
1.07E-01,0
1.08E-01,0
1.09E-01,0
1.10E-01,0
1.11E-01,0
1.12E-01,0
1.13E-01,0
1.14E-01,0
1.15E-01,0
1.16E-01,0
1.17E-01,0
1.18E-01,0
1.19E-01,4.00E-02
1.20E-01,4.00E-02
1.21E-01,0
1.22E-01,0
1.23E-01,0
1.24E-01,0
1.25E-01,0
1.26E-01,0
1.27E-01,0
1.28E-01,0
1.29E-01,0
1.30E-01,0
1.31E-01,0
1.32E-01,0
1.33E-01,0
1.34E-01,0
1.35E-01,4.00E-02
1.36E-01,0
1.37E-01,4.00E-02
1.38E-01,0
1.39E-01,4.00E-02
1.40E-01,0
1.41E-01,0
1.42E-01,0
1.43E-01,0
1.44E-01,0
1.45E-01,0
1.46E-01,0
1.47E-01,0
1.48E-01,0
1.49E-01,0
1.50E-01,4.00E-02
1.51E-01,4.00E-02
1.52E-01,0
1.53E-01,0
1.54E-01,4.00E-02
1.55E-01,0
1.56E-01,0
1.57E-01,0
1.58E-01,0
1.59E-01,0
1.60E-01,0
1.61E-01,0
1.62E-01,4.00E-02
1.63E-01,0
1.64E-01,0
1.65E-01,0
1.66E-01,0
1.67E-01,0
1.68E-01,0
1.69E-01,0
1.70E-01,0
1.71E-01,0
1.72E-01,0
1.73E-01,0
1.74E-01,0
1.75E-01,4.00E-02
1.76E-01,0
1.77E-01,0
1.78E-01,0
1.79E-01,0
1.80E-01,0
1.81E-01,0
1.82E-01,0
1.83E-01,0
1.84E-01,0
1.85E-01,4.00E-02
1.86E-01,0
1.87E-01,0
1.88E-01,0
1.89E-01,0
1.90E-01,0
1.91E-01,0
1.92E-01,0
1.93E-01,0
1.94E-01,0
1.95E-01,0
1.96E-01,0
1.97E-01,4.00E-02
1.98E-01,0
1.99E-01,0
2.00E-01,0
2.01E-01,0
2.02E-01,4.00E-02
2.03E-01,0
2.04E-01,0
2.05E-01,0
2.06E-01,0
2.07E-01,0
2.08E-01,0
2.09E-01,0
2.10E-01,0
2.11E-01,0
2.12E-01,0
2.13E-01,0
2.14E-01,4.00E-02
2.15E-01,0
2.16E-01,0
2.17E-01,0
2.18E-01,0
2.19E-01,0
2.20E-01,0
2.21E-01,0
2.22E-01,0
2.23E-01,0
2.24E-01,0
2.25E-01,0
2.26E-01,0
2.27E-01,4.00E-02
2.28E-01,0
2.29E-01,0
2.30E-01,0
2.31E-01,0
2.32E-01,0
2.33E-01,0
2.34E-01,0
2.35E-01,0
2.36E-01,0
2.37E-01,0
2.38E-01,0
2.39E-01,0
2.40E-01,0
2.41E-01,0
2.42E-01,0
2.43E-01,0
2.44E-01,0
2.45E-01,4.00E-02
2.46E-01,0
2.47E-01,0
2.48E-01,0
2.49E-01,4.00E-02
2.50E-01,0
2.51E-01,0
2.52E-01,0
2.53E-01,0
2.54E-01,4.00E-02
2.55E-01,0
2.56E-01,0
2.57E-01,4.00E-02
2.58E-01,0
2.59E-01,0
2.60E-01,0
2.61E-01,0
2.62E-01,0
2.63E-01,0
2.64E-01,0
2.65E-01,0
2.66E-01,4.00E-02
2.67E-01,0
2.68E-01,0
2.69E-01,4.00E-02
2.70E-01,0
2.71E-01,0
2.72E-01,0
2.73E-01,0
2.74E-01,0
2.75E-01,0
2.76E-01,0
2.77E-01,0
2.78E-01,0
2.79E-01,0
2.80E-01,0
2.81E-01,0
2.82E-01,0
2.83E-01,0
2.84E-01,0
2.85E-01,0
2.86E-01,0
2.87E-01,0
2.88E-01,0
2.89E-01,4.00E-02
2.90E-01,0
2.91E-01,0
2.92E-01,4.00E-02
2.93E-01,0
2.94E-01,0
2.95E-01,0
2.96E-01,0
2.97E-01,0
2.98E-01,0
2.99E-01,0
3.00E-01,4.00E-02
3.01E-01,0
3.02E-01,0
3.03E-01,4.00E-02
3.04E-01,4.00E-02
3.05E-01,0
3.06E-01,0
3.07E-01,0
3.08E-01,0
3.09E-01,0
3.10E-01,0
3.11E-01,0
3.12E-01,0
3.13E-01,0
3.14E-01,0
3.15E-01,0
3.16E-01,0
3.17E-01,0
3.18E-01,0
3.19E-01,0
3.20E-01,0
3.21E-01,4.00E-02
3.22E-01,4.00E-02
3.23E-01,0
3.24E-01,0
3.25E-01,0
3.26E-01,4.00E-02
3.27E-01,4.00E-02
3.28E-01,0
3.29E-01,0
3.30E-01,0
3.31E-01,0
3.32E-01,0
3.33E-01,4.00E-02
3.34E-01,0
3.35E-01,0
3.36E-01,0
3.37E-01,0
3.38E-01,0
3.39E-01,0
3.40E-01,0
3.41E-01,0
3.42E-01,0
3.43E-01,4.00E-02
3.44E-01,0
3.45E-01,4.00E-02
3.46E-01,0
3.47E-01,0
3.48E-01,0
3.49E-01,0
3.50E-01,0
3.51E-01,0
3.52E-01,4.00E-02
3.53E-01,0
3.54E-01,4.00E-02
3.55E-01,0
3.56E-01,0
3.57E-01,0
3.58E-01,0
3.59E-01,0
3.60E-01,0
3.61E-01,0
3.62E-01,0
3.63E-01,0
3.64E-01,0
3.65E-01,4.00E-02
3.66E-01,4.00E-02
3.67E-01,0
3.68E-01,0
3.69E-01,0
3.70E-01,0
3.71E-01,0
3.72E-01,0
3.73E-01,0
3.74E-01,0
3.75E-01,0
3.76E-01,0
3.77E-01,4.00E-02
3.78E-01,0
3.79E-01,0
3.80E-01,0
3.81E-01,0
3.82E-01,0
3.83E-01,0
3.84E-01,0
3.85E-01,0
3.86E-01,0
3.87E-01,0
3.88E-01,0
3.89E-01,0
3.90E-01,4.00E-02
3.91E-01,0
3.92E-01,0
3.93E-01,0
3.94E-01,0
3.95E-01,0
3.96E-01,0
3.97E-01,0
3.98E-01,0
3.99E-01,0
4.00E-01,0
4.01E-01,4.00E-02
4.02E-01,0
4.03E-01,0
4.04E-01,0
4.05E-01,0
4.06E-01,0
4.07E-01,0
4.08E-01,0
4.09E-01,4.00E-02
4.10E-01,0
4.11E-01,4.00E-02
4.12E-01,0
4.13E-01,4.00E-02
4.14E-01,0
4.15E-01,0
4.16E-01,4.00E-02
4.17E-01,4.00E-02
4.18E-01,4.00E-02
4.19E-01,4.00E-02
4.20E-01,0
4.21E-01,4.00E-02
4.22E-01,4.00E-02
4.23E-01,8.00E-02
4.24E-01,4.00E-02
4.25E-01,8.00E-02
4.26E-01,8.00E-02
4.27E-01,8.00E-02
4.28E-01,4.00E-02
4.29E-01,8.00E-02
4.30E-01,1.20E-01
4.31E-01,1.20E-01
4.32E-01,8.00E-02
4.33E-01,1.20E-01
4.34E-01,1.20E-01
4.35E-01,1.20E-01
4.36E-01,1.20E-01
4.37E-01,2.00E-01
4.38E-01,1.60E-01
4.39E-01,1.60E-01
4.40E-01,1.60E-01
4.41E-01,1.60E-01
4.42E-01,1.60E-01
4.43E-01,1.60E-01
4.44E-01,2.00E-01
4.45E-01,2.40E-01
4.46E-01,2.00E-01
4.47E-01,2.00E-01
4.48E-01,2.40E-01
4.49E-01,2.40E-01
4.50E-01,2.40E-01
4.51E-01,2.80E-01
4.52E-01,2.80E-01
4.53E-01,2.80E-01
4.54E-01,3.20E-01
4.55E-01,3.20E-01
4.56E-01,2.80E-01
4.57E-01,3.20E-01
4.58E-01,4.40E-01
4.59E-01,3.60E-01
4.60E-01,3.60E-01
4.61E-01,3.60E-01
4.62E-01,3.20E-01
4.63E-01,3.60E-01
4.64E-01,3.60E-01
4.65E-01,4.80E-01
4.66E-01,4.40E-01
4.67E-01,4.40E-01
4.68E-01,4.40E-01
4.69E-01,4.40E-01
4.70E-01,4.00E-01
4.71E-01,4.40E-01
4.72E-01,4.80E-01
4.73E-01,4.80E-01
4.74E-01,5.20E-01
4.75E-01,5.20E-01
4.76E-01,5.20E-01
4.77E-01,5.20E-01
4.78E-01,5.20E-01
4.79E-01,5.60E-01
4.80E-01,6.00E-01
4.81E-01,6.00E-01
4.82E-01,6.00E-01
4.83E-01,6.00E-01
4.84E-01,6.00E-01
4.85E-01,5.60E-01
4.86E-01,6.40E-01
4.87E-01,6.80E-01
4.88E-01,6.80E-01
4.89E-01,6.40E-01
4.90E-01,6.40E-01
4.91E-01,6.40E-01
4.92E-01,6.40E-01
4.93E-01,7.60E-01
4.94E-01,7.20E-01
4.95E-01,7.60E-01
4.96E-01,7.20E-01
4.97E-01,7.60E-01
4.98E-01,7.60E-01
4.99E-01,8.00E-01
5.00E-01,8.80E-01
5.01E-01,8.00E-01
5.02E-01,8.00E-01
5.03E-01,8.00E-01
5.04E-01,8.00E-01
5.05E-01,8.00E-01
5.06E-01,8.00E-01
5.07E-01,8.80E-01
5.08E-01,8.80E-01
5.09E-01,8.40E-01
5.10E-01,8.80E-01
5.11E-01,8.80E-01
5.12E-01,8.80E-01
5.13E-01,8.40E-01
5.14E-01,9.60E-01
5.15E-01,9.60E-01
5.16E-01,9.60E-01
5.17E-01,9.60E-01
5.18E-01,9.60E-01
5.19E-01,9.60E-01
5.20E-01,9.60E-01
5.21E-01,1.0799999
5.22E-01,1
5.23E-01,1.04
5.24E-01,1
5.25E-01,1
5.26E-01,1
5.27E-01,1
5.28E-01,1.0799999
5.29E-01,1.0799999
5.30E-01,1.0799999
5.31E-01,1.0799999
5.32E-01,1.0799999
5.33E-01,1.0799999
5.34E-01,1.0799999
5.35E-01,1.16
5.36E-01,1.12
5.37E-01,1.12
5.38E-01,1.16
5.39E-01,1.16
5.40E-01,1.16
5.41E-01,1.16
5.42E-01,1.24
5.43E-01,1.1999999
5.44E-01,1.1999999
5.45E-01,1.1999999
5.46E-01,1.1999999
5.47E-01,1.16
5.48E-01,1.1999999
5.49E-01,1.28
5.50E-01,1.24
5.51E-01,1.28
5.52E-01,1.24
5.53E-01,1.24
5.54E-01,1.24
5.55E-01,1.24
5.56E-01,1.3199999
5.57E-01,1.3199999
5.58E-01,1.3199999
5.59E-01,1.28
5.60E-01,1.3199999
5.61E-01,1.3199999
5.62E-01,1.3199999
5.63E-01,1.3199999
5.64E-01,1.36
5.65E-01,1.36
5.66E-01,1.36
5.67E-01,1.3199999
5.68E-01,1.3199999
5.69E-01,1.3199999
5.70E-01,1.4
5.71E-01,1.36
5.72E-01,1.36
5.73E-01,1.36
5.74E-01,1.36
5.75E-01,1.36
5.76E-01,1.4
5.77E-01,1.4
5.78E-01,1.4
5.79E-01,1.4
5.80E-01,1.4
5.81E-01,1.4399999
5.82E-01,1.4399999
5.83E-01,1.4
5.84E-01,1.4399999
5.85E-01,1.48
5.86E-01,1.48
5.87E-01,1.48
5.88E-01,1.4399999
5.89E-01,1.4399999
5.90E-01,1.4399999
5.91E-01,1.48
5.92E-01,1.4399999
5.93E-01,1.48
5.94E-01,1.48
5.95E-01,1.48
5.96E-01,1.48
5.97E-01,1.52
5.98E-01,1.48
5.99E-01,1.52
6.00E-01,1.48
6.01E-01,1.52
6.02E-01,1.52
6.03E-01,1.52
6.04E-01,1.48
6.05E-01,1.52
6.06E-01,1.52
6.07E-01,1.52
6.08E-01,1.52
6.09E-01,1.5599999
6.10E-01,1.52
6.11E-01,1.52
6.12E-01,1.5599999
6.13E-01,1.52
6.14E-01,1.5599999
6.15E-01,1.5599999
6.16E-01,1.52
6.17E-01,1.52
6.18E-01,1.52
6.19E-01,1.5999999
6.20E-01,1.5599999
6.21E-01,1.5999999
6.22E-01,1.5999999
6.23E-01,1.5599999
6.24E-01,1.5599999
6.25E-01,1.5599999
6.26E-01,1.5999999
6.27E-01,1.5999999
6.28E-01,1.5999999
6.29E-01,1.5999999
6.30E-01,1.5999999
6.31E-01,1.5999999
6.32E-01,1.5599999
6.33E-01,1.5999999
6.34E-01,1.5999999
6.35E-01,1.5999999
6.36E-01,1.5999999
6.37E-01,1.5999999
6.38E-01,1.5999999
6.39E-01,1.5999999
6.40E-01,1.5999999
6.41E-01,1.5999999
6.42E-01,1.5999999
6.43E-01,1.5999999
6.44E-01,1.5999999
6.45E-01,1.5999999
6.46E-01,1.5999999
6.47E-01,1.64
6.48E-01,1.64
6.49E-01,1.64
6.50E-01,1.64
6.51E-01,1.64
6.52E-01,1.64
6.53E-01,1.5999999
6.54E-01,1.5999999
6.55E-01,1.5999999
6.56E-01,1.64
6.57E-01,1.5999999
6.58E-01,1.64
6.59E-01,1.64
6.60E-01,1.64
6.61E-01,1.5999999
6.62E-01,1.5999999
6.63E-01,1.5999999
6.64E-01,1.5999999
6.65E-01,1.5999999
6.66E-01,1.5999999
6.67E-01,1.64
6.68E-01,1.6799999
6.69E-01,1.5999999
6.70E-01,1.5999999
6.71E-01,1.5999999
6.72E-01,1.64
6.73E-01,1.5999999
6.74E-01,1.5999999
6.75E-01,1.64
6.76E-01,1.64
6.77E-01,1.5999999
6.78E-01,1.64
6.79E-01,1.64
6.80E-01,1.64
6.81E-01,1.64
6.82E-01,1.64
6.83E-01,1.64
6.84E-01,1.5999999
6.85E-01,1.5999999
6.86E-01,1.64
6.87E-01,1.64
6.88E-01,1.64
6.89E-01,1.64
6.90E-01,1.64
6.91E-01,1.64
6.92E-01,1.5999999
6.93E-01,1.64
6.94E-01,1.64
6.95E-01,1.5999999
6.96E-01,1.64
6.97E-01,1.64
6.98E-01,1.5999999
6.99E-01,1.5999999
7.00E-01,1.64
7.01E-01,1.64
7.02E-01,1.64
7.03E-01,1.64
7.04E-01,1.64
7.05E-01,1.64
7.06E-01,1.64
7.07E-01,1.64
7.08E-01,1.5999999
7.09E-01,1.5999999
7.10E-01,1.5999999
7.11E-01,1.64
7.12E-01,1.64
7.13E-01,1.64
7.14E-01,1.64
7.15E-01,1.5999999
7.16E-01,1.64
7.17E-01,1.5999999
7.18E-01,1.64
7.19E-01,1.64
7.20E-01,1.5999999
7.21E-01,1.5999999
7.22E-01,1.64
7.23E-01,1.64
7.24E-01,1.64
7.25E-01,1.64
7.26E-01,1.64
7.27E-01,1.5999999
7.28E-01,1.5999999
7.29E-01,1.64
7.30E-01,1.5999999
7.31E-01,1.5999999
7.32E-01,1.64
7.33E-01,1.5999999
7.34E-01,1.64
7.35E-01,1.64
7.36E-01,1.64
7.37E-01,1.5999999
7.38E-01,1.5999999
7.39E-01,1.5999999
7.40E-01,1.5999999
7.41E-01,1.5999999
7.42E-01,1.5999999
7.43E-01,1.5999999
7.44E-01,1.5999999
7.45E-01,1.64
7.46E-01,1.5999999
7.47E-01,1.64
7.48E-01,1.5999999
7.49E-01,1.5999999
7.50E-01,1.5999999
7.51E-01,1.5999999
7.52E-01,1.5999999
7.53E-01,1.5999999
7.54E-01,1.5999999
7.55E-01,1.64
7.56E-01,1.5999999
7.57E-01,1.5999999
7.58E-01,1.5999999
7.59E-01,1.5999999
7.60E-01,1.5999999
7.61E-01,1.5999999
7.62E-01,1.5999999
7.63E-01,1.5999999
7.64E-01,1.5999999
7.65E-01,1.5999999
7.66E-01,1.5999999
7.67E-01,1.5999999
7.68E-01,1.5999999
7.69E-01,1.5999999
7.70E-01,1.5599999
7.71E-01,1.5999999
7.72E-01,1.5999999
7.73E-01,1.5999999
7.74E-01,1.5599999
7.75E-01,1.5999999
7.76E-01,1.5999999
7.77E-01,1.5999999
7.78E-01,1.5999999
7.79E-01,1.5999999
7.80E-01,1.5999999
7.81E-01,1.5599999
7.82E-01,1.5999999
7.83E-01,1.5999999
7.84E-01,1.5999999
7.85E-01,1.5999999
7.86E-01,1.5999999
7.87E-01,1.5999999
7.88E-01,1.5599999
7.89E-01,1.5599999
7.90E-01,1.5599999
7.91E-01,1.5999999
7.92E-01,1.5999999
7.93E-01,1.5599999
7.94E-01,1.5599999
7.95E-01,1.5999999
7.96E-01,1.5999999
7.97E-01,1.5999999
7.98E-01,1.5999999
7.99E-01,1.5599999
8.00E-01,1.5999999
8.01E-01,1.5999999
8.02E-01,1.5599999
8.03E-01,1.5599999
8.04E-01,1.5599999
8.05E-01,1.5599999
8.06E-01,1.5999999
8.07E-01,1.5999999
8.08E-01,1.5999999
8.09E-01,1.5599999
8.10E-01,1.5599999
8.11E-01,1.5599999
8.12E-01,1.5999999
8.13E-01,1.5599999
8.14E-01,1.5599999
8.15E-01,1.5999999
8.16E-01,1.5599999
8.17E-01,1.5999999
8.18E-01,1.5599999
8.19E-01,1.5599999
8.20E-01,1.5599999
8.21E-01,1.5599999
8.22E-01,1.5999999
8.23E-01,1.5599999
8.24E-01,1.5999999
8.25E-01,1.5599999
8.26E-01,1.5599999
8.27E-01,1.5599999
8.28E-01,1.5999999
8.29E-01,1.5599999
8.30E-01,1.5599999
8.31E-01,1.5599999
8.32E-01,1.5599999
8.33E-01,1.5599999
8.34E-01,1.5599999
8.35E-01,1.5599999
8.36E-01,1.5599999
8.37E-01,1.5599999
8.38E-01,1.5599999
8.39E-01,1.5999999
8.40E-01,1.5599999
8.41E-01,1.5599999
8.42E-01,1.5599999
8.43E-01,1.5599999
8.44E-01,1.52
8.45E-01,1.5599999
8.46E-01,1.5599999
8.47E-01,1.5599999
8.48E-01,1.5599999
8.49E-01,1.5599999
8.50E-01,1.5599999
8.51E-01,1.5599999
8.52E-01,1.5599999
8.53E-01,1.5599999
8.54E-01,1.5599999
8.55E-01,1.5599999
8.56E-01,1.5599999
8.57E-01,1.5599999
8.58E-01,1.5599999
8.59E-01,1.5599999
8.60E-01,1.5599999
8.61E-01,1.5599999
8.62E-01,1.5599999
8.63E-01,1.5599999
8.64E-01,1.5599999
8.65E-01,1.5599999
8.66E-01,1.5599999
8.67E-01,1.5599999
8.68E-01,1.5599999
8.69E-01,1.52
8.70E-01,1.5599999
8.71E-01,1.5599999
8.72E-01,1.5599999
8.73E-01,1.5999999
8.74E-01,1.5599999
8.75E-01,1.5599999
8.76E-01,1.5599999
8.77E-01,1.5599999
8.78E-01,1.52
8.79E-01,1.52
8.80E-01,1.5599999
8.81E-01,1.52
8.82E-01,1.5599999
8.83E-01,1.52
8.84E-01,1.5599999
8.85E-01,1.5599999
8.86E-01,1.5599999
8.87E-01,1.5599999
8.88E-01,1.5599999
8.89E-01,1.52
8.90E-01,1.52
8.91E-01,1.52
8.92E-01,1.52
8.93E-01,1.52
8.94E-01,1.48
8.95E-01,1.52
8.96E-01,1.52
8.97E-01,1.52
8.98E-01,1.52
8.99E-01,1.52
9.00E-01,1.48
9.01E-01,1.52
9.02E-01,1.52
9.03E-01,1.52
9.04E-01,1.52
9.05E-01,1.52
9.06E-01,1.52
9.07E-01,1.52
9.08E-01,1.52
9.09E-01,1.5599999
9.10E-01,1.5599999
9.11E-01,1.5599999
9.12E-01,1.5599999
9.13E-01,1.52
9.14E-01,1.52
9.15E-01,1.52
9.16E-01,1.52
9.17E-01,1.52
9.18E-01,1.52
9.19E-01,1.52
9.20E-01,1.5599999
9.21E-01,1.5599999
9.22E-01,1.52
9.23E-01,1.52
9.24E-01,1.52
9.25E-01,1.52
9.26E-01,1.48
9.27E-01,1.52
9.28E-01,1.5599999
9.29E-01,1.52
9.30E-01,1.52
9.31E-01,1.52
9.32E-01,1.5999999
9.33E-01,1.52
9.34E-01,1.52
9.35E-01,1.52
9.36E-01,1.52
9.37E-01,1.52
9.38E-01,1.52
9.39E-01,1.52
9.40E-01,1.52
9.41E-01,1.52
9.42E-01,1.52
9.43E-01,1.52
9.44E-01,1.5599999
9.45E-01,1.52
9.46E-01,1.5599999
9.47E-01,1.52
9.48E-01,1.52
9.49E-01,1.52
9.50E-01,1.52
9.51E-01,1.52
9.52E-01,1.5599999
9.53E-01,1.52
9.54E-01,1.52
9.55E-01,1.5599999
9.56E-01,1.5599999
9.57E-01,1.52
9.58E-01,1.52
9.59E-01,1.52
9.60E-01,1.52
9.61E-01,1.5599999
9.62E-01,1.52
9.63E-01,1.5599999
9.64E-01,1.52
9.65E-01,1.52
9.66E-01,1.52
9.67E-01,1.5599999
9.68E-01,1.5599999
9.69E-01,1.52
9.70E-01,1.52
9.71E-01,1.52
9.72E-01,1.5599999
9.73E-01,1.5599999
9.74E-01,1.52
9.75E-01,1.52
9.76E-01,1.52
9.77E-01,1.5599999
9.78E-01,1.5599999
9.79E-01,1.5599999
9.80E-01,1.5599999
9.81E-01,1.5599999
9.82E-01,1.5599999
9.83E-01,1.52
9.84E-01,1.52
9.85E-01,1.52
9.86E-01,1.52
9.87E-01,1.52
9.88E-01,1.52
9.89E-01,1.52
9.90E-01,1.5599999
9.91E-01,1.5599999
9.92E-01,1.5599999
9.93E-01,1.52
9.94E-01,1.52
9.95E-01,1.52
9.96E-01,1.52
9.97E-01,1.52
9.98E-01,1.52
9.99E-01,1.52
1,1.52
1.001,1.5599999
1.0020001,1.52
1.003,1.5599999
1.0040001,1.5599999
1.005,1.52
1.006,1.52
1.0070001,1.52
1.008,1.52
1.0090001,1.52
1.01,1.52
1.011,1.52
1.0120001,1.5599999
1.013,1.52
1.0140001,1.5599999
1.0150001,1.5599999
1.016,1.5599999
1.0170001,1.52
1.018,1.52
1.0190001,1.52
1.0200001,1.52
1.021,1.5599999
1.0220001,1.52
1.023,1.52
1.024,1.5599999
1.0250001,1.52
1.026,1.5599999
1.0270001,1.52
1.028,1.5599999
1.029,1.5599999
1.0300001,1.52
1.031,1.52
1.0320001,1.5599999
1.033,1.52
1.034,1.5599999
1.0350001,1.52
1.036,1.5599999
1.0370001,1.5599999
1.0380001,1.5599999
1.039,1.5599999
1.0400001,1.5599999
1.041,1.5599999
1.0420001,1.52
1.0430001,1.52
1.044,1.52
1.0450001,1.5599999
1.046,1.52
1.0470001,1.52
1.0480001,1.52
1.049,1.5999999
1.0500001,1.5599999
1.051,1.52
1.052,1.5599999
1.0530001,1.5599999
1.054,1.52
1.0550001,1.52
1.056,1.52
1.057,1.5599999
1.0580001,1.52
1.059,1.52
1.0600001,1.5599999
1.0610001,1.5999999
1.062,1.5599999
1.0630001,1.52
1.064,1.5599999
1.0650001,1.52
1.0660001,1.5599999
1.067,1.5599999
1.0680001,1.5599999
1.069,1.5599999
1.0700001,1.52
1.0710001,1.5599999
1.072,1.5599999
1.0730001,1.5599999
1.074,1.5599999
1.075,1.52
1.0760001,1.5599999
1.077,1.52
1.0780001,1.52
1.079,1.52
1.08,1.5599999
1.0810001,1.5599999
1.082,1.5599999
1.0830001,1.5599999
1.0840001,1.5599999
1.085,1.5599999
1.0860001,1.5599999
1.087,1.5599999
1.0880001,1.5599999
1.0890001,1.5599999
1.09,1.52
1.0910001,1.52
1.092,1.52
1.0930001,1.5599999
1.0940001,1.5599999
1.095,1.5999999
1.0960001,1.5599999
1.097,1.5599999
1.098,1.52
1.0990001,1.52
1.1,1.5599999
1.1010001,1.52
1.102,1.52
1.103,1.5599999
1.1040001,1.5599999
1.105,1.5599999
1.1060001,1.5599999
1.107,1.5999999
1.108,1.5599999
1.1090001,1.5599999
1.11,1.5599999
1.1110001,1.5599999
1.1120001,1.52
1.113,1.52
1.1140001,1.5599999
1.115,1.52
1.1160001,1.5599999
1.1170001,1.5599999
1.118,1.5599999
1.1190001,1.5599999
1.12,1.52
1.1210001,1.52
1.1220001,1.52
1.123,1.5599999
1.1240001,1.5599999
1.125,1.52
1.126,1.5599999
1.1270001,1.5599999
1.128,1.5599999
1.1290001,1.5599999
1.13,1.5599999
1.131,1.5599999
1.1320001,1.5599999
1.133,1.5599999
1.1340001,1.52
1.1350001,1.5599999
1.136,1.52
1.1370001,1.52
1.138,1.5599999
1.1390001,1.52
1.1400001,1.5599999
1.141,1.5599999
1.1420001,1.5599999
1.143,1.5599999
1.1440001,1.52
1.1450001,1.5599999
1.146,1.5599999
1.1470001,1.5599999
1.148,1.5599999
1.149,1.52
1.1500001,1.52
1.151,1.52
1.1520001,1.5599999
1.153,1.5599999
1.154,1.52
1.1550001,1.5599999
1.156,1.52
1.1570001,1.5599999
1.1580001,1.5599999
1.159,1.5599999
1.1600001,1.52
1.161,1.5599999
1.1620001,1.52
1.1630001,1.5599999
1.164,1.5999999
1.1650001,1.52
1.166,1.5599999
1.1670001,1.5599999
1.1680001,1.52
1.169,1.52
1.1700001,1.52
1.171,1.52
1.1720001,1.52
1.1730001,1.52
1.174,1.5599999
1.1750001,1.5599999
1.176,1.52
1.177,1.52
1.1780001,1.52
1.179,1.5599999
1.1800001,1.5599999
1.1810001,1.5599999
1.182,1.5599999
1.1830001,1.52
1.184,1.52
1.1850001,1.52
1.1860001,1.5599999
1.187,1.5999999
1.1880001,1.5599999
1.189,1.5599999
1.1900001,1.5599999
1.1910001,1.5599999
1.192,1.52
1.1930001,1.52
1.194,1.52
1.1950001,1.52
1.1960001,1.52
1.197,1.5599999
1.1980001,1.5599999
1.199,1.5599999
1.2,1.5599999
1.2010001,1.52
1.202,1.52
1.2030001,1.52
1.2040001,1.52
1.205,1.52
1.2060001,1.52
1.207,1.5599999
1.2080001,1.52
1.2090001,1.52
1.21,1.5599999
1.2110001,1.5599999
1.212,1.5599999
1.2130001,1.5599999
1.2140001,1.52
1.215,1.5599999
1.2160001,1.5599999
1.217,1.52
1.2180001,1.52
1.2190001,1.5599999
1.22,1.5599999
1.2210001,1.5599999
1.222,1.5599999
1.223,1.5599999
1.2240001,1.52
1.225,1.52
1.2260001,1.52
1.2270001,1.52
1.228,1.52
1.2290001,1.52
1.23,1.5599999
1.2310001,1.5599999
1.2320001,1.52
1.233,1.5599999
1.2340001,1.5599999
1.235,1.5599999
1.2360001,1.52
1.2370001,1.52
1.238,1.52
1.2390001,1.52
1.24,1.52
1.2410001,1.52
1.2420001,1.52
1.243,1.52
1.2440001,1.52
1.245,1.5599999
1.2460001,1.5599999
1.2470001,1.5599999
1.248,1.52
1.2490001,1.5599999
1.25,1.52
1.251,1.52
1.2520001,1.52
1.253,1.52
1.2540001,1.52
1.2550001,1.5599999
1.256,1.5599999
1.2570001,1.5599999
1.258,1.5599999
1.2590001,1.5599999
1.2600001,1.5599999
1.261,1.52
1.2620001,1.52
1.263,1.5599999
1.2640001,1.52
1.2650001,1.52
1.266,1.52
1.2670001,1.52
1.268,1.5599999
1.2690001,1.5999999
1.2700001,1.52
1.271,1.52
1.2720001,1.5599999
1.273,1.52
1.274,1.5599999
1.2750001,1.5599999
1.276,1.52
1.2770001,1.5599999
1.2780001,1.5599999
1.279,1.5599999
1.2800001,1.5599999
1.281,1.5599999
1.2820001,1.52
1.2830001,1.5599999
1.284,1.52
1.2850001,1.5599999
1.286,1.5599999
1.2870001,1.52
1.2880001,1.52
1.289,1.52
1.2900001,1.52
1.291,1.5599999
1.2920001,1.5599999
1.2930001,1.52
1.294,1.5599999
1.2950001,1.5599999
1.296,1.52
1.2970001,1.5599999
1.2980001,1.52
1.299,1.52
1.3000001,1.52
1.3010001,1.5599999
1.302,1.5599999
1.3030001,1.5599999
1.304,1.5599999
1.3050001,1.5599999
1.3060001,1.5599999
1.307,1.5599999
1.3080001,1.5599999
1.309,1.52
1.3100001,1.52
1.3110001,1.52
1.312,1.52
1.3130001,1.5599999
1.314,1.5599999
1.3150001,1.5599999
1.3160001,1.5599999
1.317,1.52
1.3180001,1.52
1.319,1.52
1.3200001,1.5599999
1.3210001,1.5599999
1.322,1.5599999
1.3230001,1.52
1.3240001,1.52
1.325,1.5599999
1.3260001,1.5599999
1.327,1.5599999
1.3280001,1.5599999
1.3290001,1.5599999
1.33,1.5599999
1.3310001,1.5599999
1.332,1.5599999
1.3330001,1.5599999
1.3340001,1.52
1.335,1.52
1.3360001,1.52
1.337,1.5999999
1.3380001,1.5599999
1.3390001,1.52
1.34,1.5599999
1.3410001,1.5599999
1.342,1.52
1.3430001,1.5599999
1.3440001,1.52
1.345,1.52
1.3460001,1.5599999
1.3470001,1.52
1.348,1.5599999
1.3490001,1.5999999
1.35,1.5599999
1.3510001,1.5599999
1.3520001,1.5599999
1.353,1.52
1.3540001,1.52
1.355,1.5599999
1.3560001,1.52
1.3570001,1.5599999
1.358,1.52
1.3590001,1.5599999
1.36,1.5999999
1.3610001,1.52
1.3620001,1.5599999
1.363,1.52
1.3640001,1.5599999
1.365,1.52
1.3660001,1.5599999
1.3670001,1.5599999
1.368,1.52
1.3690001,1.5599999
1.3700001,1.52
1.3710001,1.5599999
1.3720001,1.52
1.373,1.5599999
1.3740001,1.52
1.3750001,1.52
1.376,1.5599999
1.3770001,1.5599999
1.378,1.52
1.3790001,1.5599999
1.3800001,1.5599999
1.381,1.52
1.3820001,1.5599999
1.383,1.5599999
1.3840001,1.5599999
1.3850001,1.5599999
1.386,1.52
1.3870001,1.52
1.388,1.5599999
1.3890001,1.52
1.3900001,1.5599999
1.391,1.52
1.3920001,1.5599999
1.393,1.5599999
1.3940001,1.5599999
1.3950001,1.5599999
1.396,1.5599999
1.3970001,1.5599999
1.3980001,1.52
1.399,1.52
1.4000001,1.5599999
1.401,1.5599999
1.4020001,1.52
1.4030001,1.52
1.404,1.5599999
1.4050001,1.5599999
1.406,1.5599999
1.4070001,1.52
1.4080001,1.52
1.409,1.52
1.4100001,1.52
1.411,1.52
1.4120001,1.5599999
1.4130001,1.52
1.414,1.52
1.4150001,1.52
1.416,1.52
1.4170001,1.5599999
1.4180001,1.5999999
1.419,1.5599999
1.4200001,1.52
1.4210001,1.52
1.4220001,1.5599999
1.4230001,1.52
1.424,1.5599999
1.4250001,1.52
1.4260001,1.5599999
1.427,1.52
1.4280001,1.52
1.429,1.52
1.4300001,1.5599999
1.4310001,1.5599999
1.432,1.52
1.4330001,1.52
1.434,1.52
1.4350001,1.52
1.4360001,1.52
1.437,1.52
1.4380001,1.52
1.439,1.52
1.4400001,1.52
1.4410001,1.5599999
1.442,1.5599999
1.4430001,1.52
1.4440001,1.52
1.4450001,1.52
1.4460001,1.52
1.447,1.52
1.4480001,1.52
1.4490001,1.52
1.45,1.5599999
1.4510001,1.5599999
1.452,1.5599999
1.4530001,1.5599999
1.4540001,1.52
1.455,1.52
1.4560001,1.5599999
1.457,1.52
1.4580001,1.52
1.4590001,1.52
1.46,1.52
1.4610001,1.5599999
1.462,1.5599999
1.4630001,1.52
1.4640001,1.5599999
1.465,1.52
1.4660001,1.5599999
1.4670001,1.52
1.4680001,1.52
1.4690001,1.52
1.47,1.52
1.4710001,1.5599999
1.4720001,1.52
1.473,1.52
1.4740001,1.5599999
1.475,1.5599999
1.4760001,1.5999999
1.4770001,1.5599999
1.478,1.52
1.4790001,1.52
1.48,1.5599999
1.4810001,1.5599999
1.4820001,1.5599999
1.483,1.5599999
1.4840001,1.5599999
1.485,1.5599999
1.4860001,1.5599999
1.4870001,1.5599999
1.488,1.5599999
1.4890001,1.5599999
1.4900001,1.52
1.4910001,1.52
1.4920001,1.52
1.493,1.52
1.4940001,1.52
1.4950001,1.5599999
1.4960001,1.52
1.4970001,1.52
1.498,1.52
1.4990001,1.5599999
1.5000001,1.52
1.501,1.5599999
1.5020001,1.52
1.503,1.5599999
1.5040001,1.52
1.5050001,1.5599999
1.506,1.52
1.5070001,1.52
1.508,1.5599999
1.5090001,1.52
1.5100001,1.5599999
1.511,1.5599999
1.5120001,1.52
1.5130001,1.5599999
1.5140001,1.52
1.5150001,1.52
1.516,1.5599999
1.5170001,1.52
1.5180001,1.52
1.5190001,1.5599999
1.5200001,1.52
1.521,1.52
1.5220001,1.5599999
1.5230001,1.52
1.524,1.52
1.5250001,1.52
1.526,1.52
1.5270001,1.52
1.5280001,1.5599999
1.529,1.52
1.5300001,1.52
1.531,1.52
1.5320001,1.52
1.5330001,1.5599999
1.534,1.5599999
1.5350001,1.5599999
1.536,1.52
1.5370001,1.52
1.5380001,1.52
1.539,1.5599999
1.5400001,1.5599999
1.5410001,1.52
1.5420001,1.5599999
1.5430001,1.5599999
1.544,1.5599999
1.5450001,1.5599999
1.5460001,1.5599999
1.5470001,1.5599999
1.5480001,1.52
1.549,1.52
1.5500001,1.5599999
1.5510001,1.5599999
1.552,1.5599999
1.5530001,1.52
1.554,1.52
1.5550001,1.5599999
1.5560001,1.5599999
1.557,1.5599999
1.5580001,1.5599999
1.559,1.52
1.5600001,1.5599999
1.5610001,1.52
1.562,1.52
1.5630001,1.52
1.5640001,1.5599999
1.5650001,1.52
1.5660001,1.5599999
1.567,1.5599999
1.5680001,1.5599999
1.5690001,1.5599999
1.5700001,1.5599999
1.5710001,1.52
1.572,1.52
1.5730001,1.52
1.5740001,1.52
1.575,1.5599999
1.5760001,1.5599999
1.577,1.52
1.5780001,1.52
1.5790001,1.52
1.58,1.5999999
1.5810001,1.5599999
1.582,1.52
1.5830001,1.5599999
1.5840001,1.5599999
1.585,1.5599999
1.5860001,1.5599999
1.5870001,1.5599999
1.5880001,1.5599999
1.5890001,1.52
1.59,1.5599999
1.5910001,1.52
1.5920001,1.5599999
1.5930001,1.5599999
1.5940001,1.52
1.595,1.52
1.5960001,1.52
1.5970001,1.5599999
1.598,1.52
1.5990001,1.5599999
1.6,1.52
1.6010001,1.52
1.6020001,1.52
1.603,1.5599999
1.6040001,1.5599999
1.605,1.52
1.6060001,1.52
1.6070001,1.52
1.608,1.5599999
1.6090001,1.52
1.6100001,1.5599999
1.6110001,1.5599999
1.6120001,1.52
1.613,1.52
1.6140001,1.52
1.6150001,1.5599999
1.6160001,1.5599999
1.6170001,1.52
1.618,1.52
1.6190001,1.52
1.6200001,1.5599999
1.6210001,1.5599999
1.6220001,1.52
1.623,1.5599999
1.6240001,1.5599999
1.6250001,1.52
1.626,1.5599999
1.6270001,1.5599999
1.628,1.5599999
1.6290001,1.52
1.6300001,1.5599999
1.631,1.5599999
1.6320001,1.5599999
1.6330001,1.5599999
1.6340001,1.52
1.6350001,1.52
1.636,1.5599999
1.6370001,1.5599999
1.6380001,1.5999999
1.6390001,1.5599999
1.6400001,1.52
1.641,1.5599999
1.6420001,1.52
1.6430001,1.52
1.6440001,1.52
1.6450001,1.5599999
1.646,1.5599999
1.6470001,1.52
1.6480001,1.5599999
1.649,1.52
1.6500001,1.5599999
1.651,1.5599999
1.6520001,1.5599999
1.6530001,1.5599999
1.654,1.52
1.6550001,1.52
1.6560001,1.52
1.6570001,1.52
1.6580001,1.5599999
1.659,1.5599999
1.6600001,1.5599999
1.6610001,1.5599999
1.6620001,1.52
1.6630001,1.52
1.664,1.52
1.6650001,1.52
1.6660001,1.52
1.6670001,1.52
1.6680001,1.52
1.669,1.5599999
1.6700001,1.52
1.6710001,1.52
1.6720001,1.52
1.6730001,1.5999999
1.674,1.5599999
1.6750001,1.52
1.6760001,1.52
1.677,1.52
1.6780001,1.5599999
1.6790001,1.52
1.6800001,1.52
1.6810001,1.52
1.682,1.5599999
1.6830001,1.52
1.6840001,1.52
1.6850001,1.5599999
1.6860001,1.52
1.687,1.52
1.6880001,1.52
1.6890001,1.5599999
1.6900001,1.52
1.6910001,1.52
1.692,1.5599999
1.6930001,1.52
1.6940001,1.5599999
1.6950001,1.5599999
1.6960001,1.5599999
1.697,1.5599999
1.6980001,1.52
1.6990001,1.52
1.7,1.52
1.7010001,1.52
1.702,1.52
1.7030001,1.52
1.7040001,1.5599999
1.705,1.52
1.7060001,1.52
1.7070001,1.52
1.7080001,1.5599999
1.7090001,1.5599999
1.71,1.52
1.7110001,1.52
1.7120001,1.52
1.7130001,1.52
1.7140001,1.52
1.715,1.52
1.7160001,1.52
1.7170001,1.52
1.7180001,1.52
1.7190001,1.52
1.72,1.5599999
1.7210001,1.52
1.7220001,1.5599999
1.723,1.52
1.7240001,1.5599999
1.725,1.52
1.7260001,1.52
1.7270001,1.52
1.728,1.5599999
1.7290001,1.52
1.7300001,1.52
1.7310001,1.52
1.7320001,1.5599999
1.733,1.5599999
1.7340001,1.5599999
1.7350001,1.52
1.7360001,1.52
1.7370001,1.5599999
1.738,1.5599999
1.7390001,1.52
1.7400001,1.52
1.7410001,1.52
1.7420001,1.5599999
1.743,1.52
1.7440001,1.5599999
1.7450001,1.52
1.7460001,1.52
1.7470001,1.52
1.748,1.52
1.7490001,1.52
1.7500001,1.52
1.751,1.5599999
1.7520001,1.52
1.7530001,1.52
1.7540001,1.52
1.7550001,1.5599999
1.756,1.52
1.7570001,1.52
1.7580001,1.5599999
1.7590001,1.52
1.7600001,1.52
1.761,1.52
1.7620001,1.52
1.7630001,1.52
1.7640001,1.52
1.7650001,1.5599999
1.766,1.5599999
1.7670001,1.5599999
1.7680001,1.5599999
1.7690001,1.52
1.7700001,1.52
1.771,1.52
1.7720001,1.52
1.7730001,1.52
1.774,1.5599999
1.7750001,1.52
1.7760001,1.52
1.7770001,1.52
1.7780001,1.5599999
1.779,1.5599999
1.7800001,1.5599999
1.7810001,1.52
1.7820001,1.5599999
1.7830001,1.52
1.784,1.52
1.7850001,1.52
1.7860001,1.5599999
1.7870001,1.52
1.7880001,1.52
1.789,1.5599999
1.7900001,1.52
1.7910001,1.5599999
1.7920001,1.5599999
1.7930001,1.52
1.794,1.52
1.7950001,1.52
1.7960001,1.52
1.7970001,1.52
1.7980001,1.5599999
1.7990001,1.5599999
1.8000001,1.52
1.8010001,1.5599999
1.802,1.5599999
1.8030001,1.5599999
1.8040001,1.52
1.8050001,1.5599999
1.8060001,1.52
1.807,1.5599999
1.8080001,1.52
1.8090001,1.52
1.8100001,1.5599999
1.8110001,1.52
1.812,1.48
1.8130001,1.5599999
1.8140001,1.5599999
1.8150001,1.5599999
1.8160001,1.52
1.817,1.52
1.8180001,1.52
1.8190001,1.52
1.8200001,1.52
1.8210001,1.5599999
1.8220001,1.5599999
1.8230001,1.5599999
1.8240001,1.5599999
1.825,1.5599999
1.8260001,1.5599999
1.8270001,1.5599999
1.8280001,1.52
1.8290001,1.5599999
1.83,1.52
1.8310001,1.5599999
1.8320001,1.5599999
1.8330001,1.52
1.8340001,1.52
1.835,1.52
1.8360001,1.5599999
1.8370001,1.5599999
1.8380001,1.5599999
1.8390001,1.5599999
1.84,1.5599999
1.8410001,1.52
1.8420001,1.5599999
1.8430001,1.5599999
1.8440001,1.5599999
1.845,1.5599999
1.8460001,1.5599999
1.8470001,1.5599999
1.848,1.5599999
1.8490001,1.5599999
1.8500001,1.5599999
1.8510001,1.5599999
1.8520001,1.5599999
1.853,1.52
1.8540001,1.52
1.8550001,1.52
1.8560001,1.5599999
1.8570001,1.5599999
1.858,1.5599999
1.8590001,1.5599999
1.8600001,1.5599999
1.8610001,1.5599999
1.8620001,1.52
1.863,1.5599999
1.8640001,1.52
1.8650001,1.5599999
1.8660001,1.5599999
1.8670001,1.5599999
1.868,1.5599999
1.8690001,1.5599999
1.8700001,1.52
1.8710001,1.5599999
1.8720001,1.5599999
1.8730001,1.52
1.8740001,1.5599999
1.8750001,1.5599999
1.876,1.52
1.8770001,1.5599999
1.8780001,1.5599999
1.8790001,1.5599999
1.8800001,1.52
1.881,1.5599999
1.8820001,1.5599999
1.8830001,1.5599999
1.8840001,1.5599999
1.8850001,1.5599999
1.886,1.5599999
1.8870001,1.52
1.8880001,1.5599999
1.8890001,1.52
1.8900001,1.5599999
1.891,1.52
1.8920001,1.5599999
1.8930001,1.52
1.8940001,1.5599999
1.8950001,1.5599999
1.8960001,1.52
1.8970001,1.52
1.8980001,1.52
1.899,1.52
1.9000001,1.5599999
1.9010001,1.5599999
1.9020001,1.52
1.9030001,1.5599999
1.904,1.5599999
1.9050001,1.5599999
1.9060001,1.5599999
1.9070001,1.5599999
1.9080001,1.52
1.909,1.5599999
1.9100001,1.52
1.9110001,1.52
1.9120001,1.52
1.9130001,1.5599999
1.914,1.52
1.9150001,1.52
1.9160001,1.5599999
1.9170001,1.5599999
1.9180001,1.5599999
1.9190001,1.5599999
1.9200001,1.52
1.9210001,1.5599999
1.9220001,1.5599999
1.9230001,1.5599999
1.9240001,1.5599999
1.9250001,1.52
1.9260001,1.52
1.927,1.52
1.9280001,1.52
1.9290001,1.5599999
1.9300001,1.5599999
1.9310001,1.5599999
1.932,1.5599999
1.9330001,1.52
1.9340001,1.5599999
1.9350001,1.52
1.9360001,1.52
1.937,1.52
1.9380001,1.52
1.9390001,1.52
1.9400001,1.5599999
1.9410001,1.5599999
1.9420002,1.52
1.9430001,1.5599999
1.9440001,1.52
1.9450001,1.5599999
1.9460001,1.5599999
1.9470001,1.5599999
1.9480001,1.52
1.9490001,1.52
1.95,1.52
1.9510001,1.52
1.9520001,1.5599999
1.9530001,1.5599999
1.9540001,1.5599999
1.955,1.5599999
1.9560001,1.52
1.9570001,1.52
1.9580001,1.52
1.9590001,1.52
1.96,1.52
1.9610001,1.52
1.9620001,1.5599999
1.9630001,1.5599999
1.9640001,1.5599999
1.9650002,1.5599999
1.9660001,1.5599999
1.9670001,1.52
1.9680001,1.52
1.9690001,1.52
1.9700001,1.52
1.9710001,1.52
1.9720001,1.5599999
1.973,1.5599999
1.9740001,1.5599999
1.9750001,1.5599999
1.9760001,1.52
1.9770001,1.5599999
1.978,1.52
1.9790001,1.52
1.9800001,1.5599999
1.9810001,1.52
1.9820001,1.52
1.983,1.5599999
1.9840001,1.52
1.9850001,1.5599999
1.9860001,1.52
1.9870001,1.5599999
1.988,1.52
1.9890001,1.5599999
1.9900001,1.52
1.9910001,1.52
1.9920001,1.52
1.9930001,1.5599999
1.9940001,1.5599999
1.9950001,1.5599999
1.9960001,1.5599999
1.9970001,1.52
1.9980001,1.52
1.9990001,1.5999999
2,1.5599999
2.0010002,1.52
2.0020001,1.52
2.003,1.52
2.0040002,1.52
2.0050001,1.52
2.006,1.52
2.0070002,1.52
2.0080001,1.52
2.0090001,1.52
2.01,1.5599999
2.0110002,1.5599999
2.0120001,1.52
2.013,1.52
2.0140002,1.52
2.0150001,1.5599999
2.016,1.5599999
2.0170002,1.5599999
2.0180001,1.52
2.0190001,1.52
2.02,1.52
2.0210001,1.52
2.0220001,1.5599999
2.023,1.52
2.0240002,1.52
2.0250001,1.52
2.026,1.52
2.0270002,1.52
2.0280001,1.52
2.029,1.52
2.0300002,1.52
2.0310001,1.5599999
2.0320001,1.5599999
2.033,1.52
2.0340002,1.5599999
2.0350001,1.5599999
2.036,1.5599999
2.0370002,1.5599999
2.0380001,1.5599999
2.039,1.5599999
2.0400002,1.5599999
2.0410001,1.52
2.0420001,1.52
2.043,1.5599999
2.0440001,1.52
2.0450001,1.52
2.046,1.5599999
2.0470002,1.5599999
2.0480001,1.5599999
2.049,1.52
2.0500002,1.5599999
2.0510001,1.52
2.052,1.5599999
2.0530002,1.5599999
2.0540001,1.52
2.0550001,1.52
2.056,1.5599999
2.0570002,1.5599999
2.0580001,1.52
2.059,1.52
2.0600002,1.5599999
2.0610001,1.52
2.062,1.52
2.0630002,1.52
2.0640001,1.52
2.0650001,1.52
2.066,1.52
2.0670002,1.52
2.0680001,1.52
2.069,1.5599999
2.0700002,1.5599999
2.0710001,1.52
2.072,1.52
2.0730002,1.52
2.0740001,1.52
2.075,1.52
2.0760002,1.52
2.0770001,1.52
2.0780001,1.52
2.079,1.5599999
2.0800002,1.52
2.0810001,1.5599999
2.082,1.5599999
2.0830002,1.5599999
2.0840001,1.52
2.085,1.52
2.0860002,1.52
2.0870001,1.52
2.0880001,1.5599999
2.089,1.52
2.0900002,1.52
2.0910001,1.5599999
2.092,1.5599999
2.0930002,1.5599999
2.0940001,1.5599999
2.095,1.5599999
2.0960002,1.52
2.0970001,1.52
2.098,1.5599999
2.0990002,1.52
2.1000001,1.5599999
2.1010001,1.5599999
2.102,1.5599999
2.1030002,1.52
2.1040001,1.5599999
2.105,1.52
2.1060002,1.5599999
2.1070001,1.52
2.108,1.52
2.1090002,1.5599999
2.1100001,1.52
2.1110001,1.5599999
2.112,1.5599999
2.1130002,1.52
2.1140001,1.52
2.115,1.52
2.1160002,1.5599999
2.1170001,1.52
2.118,1.5599999
2.1190002,1.52
2.1200001,1.5599999
2.1210001,1.5599999
2.1220002,1.5599999
2.1230001,1.52
2.1240001,1.52
2.125,1.5599999
2.1260002,1.5599999
2.1270001,1.5999999
2.128,1.5599999
2.1290002,1.5599999
2.1300001,1.5599999
2.131,1.52
2.1320002,1.52
2.1330001,1.5599999
2.1340001,1.5599999
2.135,1.5599999
2.1360002,1.5599999
2.1370001,1.5599999
2.138,1.5599999
2.1390002,1.5599999
2.1400001,1.5599999
2.141,1.5599999
2.1420002,1.52
2.1430001,1.5599999
2.1440001,1.5599999
2.1450002,1.52
2.1460001,1.5599999
2.1470001,1.5599999
2.148,1.52
2.1490002,1.5599999
2.1500001,1.5999999
2.151,1.5599999
2.1520002,1.52
2.1530001,1.5599999
2.154,1.5599999
2.1550002,1.5599999
2.1560001,1.52
2.1570001,1.5599999
2.158,1.5599999
2.1590002,1.5599999
2.1600001,1.5599999
2.161,1.5599999
2.1620002,1.5599999
2.1630001,1.52
2.164,1.5599999
2.1650002,1.52
2.1660001,1.5599999
2.1670001,1.52
2.1680002,1.52
2.1690001,1.52
2.1700001,1.5599999
2.171,1.5599999
2.1720002,1.5599999
2.1730001,1.5999999
2.174,1.5599999
2.1750002,1.52
2.1760001,1.5599999
2.177,1.52
2.1780002,1.5599999
2.1790001,1.52
2.1800001,1.5599999
2.181,1.5599999
2.1820002,1.5599999
2.1830001,1.52
2.184,1.52
2.1850002,1.5599999
2.1860001,1.5599999
2.187,1.52
2.1880002,1.52
2.1890001,1.5599999
2.1900001,1.52
2.1910002,1.52
2.1920002,1.5599999
2.1930001,1.52
2.194,1.5599999
2.1950002,1.52
2.1960001,1.52
2.197,1.52
2.1980002,1.5599999
2.1990001,1.52
2.2,1.52
2.2010002,1.52
2.2020001,1.52
2.2030001,1.52
2.204,1.5599999
2.2050002,1.52
2.2060001,1.5599999
2.207,1.52
2.2080002,1.5599999
2.2090001,1.52
2.21,1.52
2.2110002,1.52
2.2120001,1.5599999
2.2130001,1.5599999
2.214,1.52
2.2150002,1.5599999
2.2160001,1.52
2.217,1.52
2.2180002,1.52
2.2190001,1.5599999
2.22,1.5599999
2.2210002,1.5599999
2.2220001,1.52
2.223,1.5599999
2.2240002,1.52
2.2250001,1.52
2.2260001,1.52
2.227,1.5599999
2.2280002,1.5599999
2.2290001,1.5599999
2.23,1.5599999
2.2310002,1.5599999
2.2320001,1.5599999
2.233,1.52
2.2340002,1.52
2.2350001,1.52
2.2360001,1.5599999
2.237,1.52
2.2380002,1.52
2.2390001,1.52
2.24,1.5599999
2.2410002,1.5599999
2.2420001,1.52
2.243,1.5999999
2.2440002,1.52
2.2450001,1.52
2.2460001,1.52
2.2470002,1.52
2.2480001,1.52
2.2490001,1.52
2.25,1.52
2.2510002,1.5599999
2.2520001,1.52
2.253,1.5599999
2.2540002,1.5599999
2.2550001,1.52
2.256,1.5599999
2.2570002,1.52
