1.8399999,3.25999999
1.8499999,3.25999999
1.86,3.27999997
1.87,3.24000001
1.88,3.25999999
1.89,3.25999999
1.9,3.29999995
1.91,3.25999999
1.92,3.25999999
1.9299999,3.25999999
1.9399999,3.24000001
1.9499999,3.24000001
1.9599999,3.24000001
1.9699999,3.24000001
1.9799999,3.22000003
1.99,3.22000003
2,3.19999981
2.01,3.19999981
2.02,3.17999983
2.03,3.15999985
2.04,3.13999987
2.05,3.11999989
2.0599999,3.13999987
2.0699999,3.0999999
2.0799999,3.07999992
2.0899999,3.03999996
2.0999999,3.05999994
2.1099999,3
2.1199999,2.98000002
2.1299999,3
2.1399999,2.96000004
2.1499999,2.93999982
2.1599998,2.89999986
2.1699998,2.8599999
2.1800001,2.83999991
2.1900001,2.81999993
2.2,2.77999997
2.21,2.75999999
2.22,2.72000003
2.23,2.6799998
2.24,2.6599998
2.25,2.6199999
2.26,2.5999999
2.27,2.5599999
2.28,2.54
2.29,2.52
2.3,2.48
2.3099999,2.4400001
2.3199999,2.4199998
2.3299999,2.3799999
2.3399999,2.3399999
2.3499999,2.3199999
2.3599999,2.3
2.3699999,2.26
2.3799999,2.26
2.3899999,2.2
2.3999999,2.2
2.4099998,2.1800001
2.4199998,2.1399999
2.4299998,2.1199999
2.4400001,2.0999999
2.45,2.0799999
2.46,2.04
2.47,2.02
2.48,2.02
2.49,1.9599999
2.5,1.9799999
2.51,1.9399999
2.52,1.92
2.53,1.9
2.54,1.86
2.55,1.88
2.5599999,1.8399999
2.5699999,1.8199999
2.5799999,1.8
2.5899999,1.8
2.5999999,1.76
2.6099999,1.74
2.6199999,1.7199999
2.6299999,1.7199999
2.6399999,1.7199999
2.6499999,1.6799999
2.6599998,1.66
2.6699998,1.64
2.6799998,1.64
2.6900001,1.62
2.7,1.62
2.71,1.5999999
2.72000003,1.5799999
2.73000002,1.5799999
2.74000001,1.5599999
2.75,1.5599999
2.75999999,1.5599999
2.76999998,1.54
2.77999997,1.52
2.78999996,1.52
2.79999995,1.52
2.80999994,1.5
2.81999993,1.5
2.82999992,1.5
2.83999991,1.5
2.8499999,1.5
2.8599999,1.48
2.86999989,1.4599999
2.87999988,1.4399999
2.88999987,1.4399999
2.89999986,1.48
2.90999985,1.48
2.91999984,1.4599999
2.92999983,1.4599999
2.93999982,1.4399999
2.95000005,1.42
2.96000004,1.4599999
2.97000003,1.4599999
2.98000002,1.4599999
2.99000001,1.4399999
3,1.4599999
3.00999999,1.4399999
3.01999998,1.4599999
3.02999997,1.4399999
3.03999996,1.4399999
3.04999995,1.4399999
3.05999994,1.4599999
3.06999993,1.4399999
3.07999992,1.4599999
3.08999991,1.48
3.0999999,1.4599999
3.1099999,1.48
3.11999989,1.4599999
3.12999988,1.4599999
3.13999987,1.5
3.14999986,1.48
3.15999985,1.5
3.16999984,1.5
3.17999983,1.5
3.18999982,1.48
3.19999981,1.5
3.21000004,1.5
3.22000003,1.5
3.23000002,1.5
3.24000001,1.52
3.25,1.5
3.25999999,1.5
3.26999998,1.52
3.27999997,1.52
3.28999996,1.52
3.29999995,1.54
3.30999994,1.52
3.31999993,1.54
3.32999992,1.54
3.33999991,1.5599999
3.3499999,1.5599999
3.3599999,1.5599999
3.36999989,1.5799999
3.37999988,1.5799999
3.38999987,1.5599999
3.39999986,1.5799999
3.40999985,1.5999999
3.41999984,1.5799999
3.42999983,1.5999999
3.43999982,1.62
3.44999981,1.62
3.46000004,1.5999999
3.47000003,1.62
3.48000002,1.62
3.49000001,1.62
3.5,1.66
3.50999999,1.62
3.51999998,1.64
3.52999997,1.66
3.53999996,1.66
3.54999995,1.6799999
3.55999994,1.6799999
3.56999993,1.66
3.57999992,1.6999999
3.58999991,1.7199999
3.5999999,1.7199999
3.6099999,1.7199999
3.61999989,1.6999999
3.62999988,1.7199999
3.63999987,1.7199999
3.64999986,1.7199999
3.65999985,1.74
3.66999984,1.7199999
3.67999983,1.74
3.68999982,1.7199999
3.69999981,1.7199999
3.7099998,1.74
3.72000003,1.74
3.73000002,1.76
3.74000001,1.76
3.75,1.76
3.75999999,1.76
3.76999998,1.76
3.77999997,1.78
3.78999996,1.76
3.79999995,1.8
3.80999994,1.76
3.81999993,1.76
3.82999992,1.78
3.83999991,1.76
3.8499999,1.76
3.8599999,1.78
3.86999989,1.78
3.87999988,1.76
3.88999987,1.78
3.89999986,1.76
3.90999985,1.78
3.91999984,1.78
3.92999983,1.8
3.93999982,1.78
3.94999981,1.78
3.9599998,1.76
3.97000003,1.78
3.98000002,1.78
3.99000001,1.76
4,1.8
4.00999975,1.78
4.01999998,1.78
4.02999973,1.78
4.03999996,1.8
4.04999971,1.78
4.05999994,1.78
4.06999969,1.76
4.07999992,1.78
4.08999968,1.76
4.0999999,1.78
4.11000013,1.78
4.11999989,1.78
4.13000011,1.76
4.13999987,1.78
4.1500001,1.78
4.15999985,1.78
4.17000008,1.8
4.17999983,1.76
4.19000006,1.76
4.19999981,1.78
4.21000004,1.78
4.21999979,1.76
4.23000002,1.78
4.23999977,1.76
4.25,1.76
4.25999975,1.76
4.26999998,1.76
4.27999973,1.74
4.28999996,1.76
4.29999971,1.76
4.30999994,1.74
4.31999969,1.76
4.32999992,1.74
4.33999968,1.74
4.3499999,1.7199999
4.36000013,1.74
4.36999989,1.74
4.38000011,1.74
4.38999987,1.7199999
4.4000001,1.74
4.40999985,1.74
4.42000008,1.7199999
4.42999983,1.7199999
4.44000006,1.7199999
4.44999981,1.74
4.46000004,1.7199999
4.46999979,1.6999999
4.48000002,1.7199999
4.48999977,1.7199999
4.5,1.7199999
4.50999975,1.7199999
4.51999998,1.7199999
4.52999973,1.7199999
4.53999996,1.7199999
4.54999971,1.6999999
4.55999994,1.6999999
4.56999969,1.7199999
4.57999992,1.7199999
4.58999968,1.6999999
4.5999999,1.6999999
4.61000013,1.6799999
4.61999989,1.66
4.63000011,1.6999999
4.63999987,1.6799999
4.6500001,1.6999999
4.65999985,1.6799999
4.67000008,1.6999999
4.67999983,1.6999999
4.69000006,1.6799999
4.69999981,1.6799999
4.71000004,1.66
4.71999979,1.6799999
4.73000002,1.6799999
4.73999977,1.6999999
4.75,1.6799999
4.75999975,1.66
4.76999998,1.6799999
4.77999973,1.66
4.78999996,1.6799999
4.79999971,1.6799999
4.80999994,1.6799999
4.81999969,1.66
4.82999992,1.6799999
4.83999968,1.6799999
4.8499999,1.66
4.85999966,1.6799999
4.86999989,1.66
4.88000011,1.6999999
4.88999987,1.6799999
4.9000001,1.66
4.90999985,1.6799999
4.92000008,1.6999999
4.92999983,1.6799999
4.94000006,1.6799999
4.94999981,1.6799999
4.96000004,1.6799999
4.96999979,1.6999999
4.98000002,1.7199999
4.98999977,1.6999999
5,1.6799999
5.00999975,1.7199999
5.01999998,1.6999999
5.02999973,1.6999999
5.03999996,1.6999999
5.04999971,1.7199999
5.05999994,1.6999999
5.06999969,1.66
5.07999992,1.6999999
5.08999968,1.6999999
5.0999999,1.7199999
5.10999966,1.6999999
5.11999989,1.6999999
5.13000011,1.6999999
5.13999987,1.7199999
5.1500001,1.6999999
5.15999985,1.6999999
5.17000008,1.6999999
5.17999983,1.7199999
5.19000006,1.6999999
5.19999981,1.7199999
5.21000004,1.6999999
5.21999979,1.6999999
5.23000002,1.7199999
5.23999977,1.7199999
5.25,1.7199999
5.25999975,1.6999999
5.26999998,1.7199999
5.27999973,1.6999999
5.28999996,1.7199999
5.29999971,1.7199999
5.30999994,1.7199999
5.31999969,1.7199999
5.32999992,1.6999999
5.33999968,1.6799999
5.3499999,1.66
5.35999966,1.6799999
5.36999989,1.6999999
5.38000011,1.6999999
5.38999987,1.6999999
5.4000001,1.6799999
5.40999985,1.6999999
5.42000008,1.6799999
5.42999983,1.6799999
5.44000006,1.6799999
5.44999981,1.6799999
5.46000004,1.6999999
5.46999979,1.6799999
5.48000002,1.6799999
5.48999977,1.6799999
5.5,1.66
5.50999975,1.6799999
5.51999998,1.6799999
5.52999973,1.66
5.53999996,1.6799999
5.54999971,1.6799999
5.55999994,1.66
5.56999969,1.66
5.57999992,1.66
5.58999968,1.64
5.5999999,1.64
5.60999966,1.64
5.61999989,1.64
5.62999964,1.64
5.63999987,1.66
5.6500001,1.66
5.65999985,1.64
5.67000008,1.62
5.67999983,1.64
5.69000006,1.64
5.69999981,1.64
5.71000004,1.66
5.71999979,1.62
5.73000002,1.64
5.73999977,1.62
5.75,1.64
5.75999975,1.64
5.76999998,1.66
5.77999973,1.62
5.78999996,1.64
5.79999971,1.62
5.80999994,1.62
5.81999969,1.62
5.82999992,1.62
5.83999968,1.64
5.8499999,1.64
5.85999966,1.64
5.86999989,1.62
5.87999964,1.64
5.88999987,1.64
5.9000001,1.62
5.90999985,1.62
5.92000008,1.62
5.92999983,1.62
5.94000006,1.62
5.94999981,1.62
5.96000004,1.64
5.96999979,1.64
5.98000002,1.64
5.98999977,1.66
6,1.62
6.00999975,1.64
6.01999998,1.62
6.02999973,1.62
6.03999996,1.62
6.04999971,1.62
6.05999994,1.66
6.06999969,1.64
6.07999992,1.64
6.08999968,1.64
6.0999999,1.62
6.10999966,1.62
6.11999989,1.64
6.12999964,1.62
6.13999987,1.64
6.1500001,1.64
6.15999985,1.66
6.17000008,1.64
6.17999983,1.64
6.19000006,1.66
6.19999981,1.64
6.21000004,1.62
6.21999979,1.64
6.23000002,1.64
6.23999977,1.64
6.25,1.64
6.25999975,1.64
6.26999998,1.66
6.27999973,1.66
6.28999996,1.6799999
6.29999971,1.66
6.30999994,1.66
6.31999969,1.64
6.32999992,1.66
6.33999968,1.66
6.3499999,1.66
6.35999966,1.6799999
6.36999989,1.6799999
6.37999964,1.6999999
6.38999987,1.66
6.39999962,1.66
6.40999985,1.66
6.42000008,1.6799999
6.42999983,1.6799999
6.44000006,1.6799999
6.44999981,1.6799999
6.46000004,1.6999999
6.46999979,1.6799999
6.48000002,1.6799999
6.48999977,1.6799999
6.5,1.6799999
6.50999975,1.6799999
6.51999998,1.6799999
6.52999973,1.6999999
6.53999996,1.6999999
6.54999971,1.6799999
6.55999994,1.6999999
6.56999969,1.6799999
6.57999992,1.6999999
6.58999968,1.6799999
6.5999999,1.6999999
6.60999966,1.7199999
6.61999989,1.7199999
6.62999964,1.7199999
6.63999987,1.6799999
6.64999962,1.7199999
6.65999985,1.6799999
6.67000008,1.7199999
6.67999983,1.6999999
6.69000006,1.7199999
6.69999981,1.7199999
6.71000004,1.6999999
6.71999979,1.7199999
6.73000002,1.7199999
6.73999977,1.7199999
6.75,1.7199999
6.75999975,1.7199999
6.76999998,1.7199999
6.77999973,1.6999999
6.78999996,1.7199999
6.79999971,1.7199999
6.80999994,1.6999999
6.81999969,1.7199999
6.82999992,1.6999999
6.83999968,1.6999999
6.8499999,1.7199999
6.85999966,1.6999999
6.86999989,1.7199999
6.87999964,1.6999999
6.88999987,1.7199999
6.89999962,1.7199999
6.90999985,1.6799999
6.92000008,1.7199999
6.92999983,1.6999999
6.94000006,1.6799999
6.94999981,1.7199999
6.96000004,1.7199999
6.96999979,1.6999999
6.98000002,1.7199999
6.98999977,1.6999999
7,1.6799999
7.00999975,1.6999999
7.01999998,1.7199999
7.02999973,1.6999999
7.03999996,1.6999999
7.04999971,1.6999999
7.05999994,1.6799999
7.06999969,1.6799999
7.07999992,1.6999999
7.08999968,1.7199999
7.0999999,1.6999999
7.10999966,1.7199999
7.11999989,1.6799999
7.12999964,1.7199999
7.13999987,1.6999999
7.14999962,1.6799999
7.15999985,1.6999999
7.17000008,1.6999999
7.17999983,1.6999999
7.19000006,1.6999999
7.19999981,1.6999999
7.21000004,1.6799999
7.21999979,1.6799999
7.23000002,1.6999999
7.23999977,1.6999999
7.25,1.6999999
7.25999975,1.6799999
7.26999998,1.6799999
7.27999973,1.6999999
7.28999996,1.6999999
7.29999971,1.6999999
7.30999994,1.6799999
7.31999969,1.6999999
7.32999992,1.6999999
7.33999968,1.6799999
7.3499999,1.6999999
7.35999966,1.6999999
7.36999989,1.6999999
7.37999964,1.6999999
7.389999866,1.6999999
7.399999619,1.6799999
7.409999847,1.6799999
7.419999599,1.6799999
7.429999828,1.6999999
7.440000057,1.6999999
7.449999809,1.6799999
7.460000038,1.6999999
7.46999979,1.6999999
7.480000019,1.6999999
7.489999771,1.6999999
7.5,1.6999999
7.509999752,1.6999999
7.519999981,1.7199999
7.529999733,1.6999999
7.539999962,1.6799999
7.549999714,1.7199999
7.559999943,1.7199999
7.569999695,1.7199999
7.579999924,1.7199999
7.589999676,1.6999999
7.599999905,1.7199999
7.609999657,1.7199999
7.619999886,1.7199999
7.629999638,1.7199999
7.639999866,1.7199999
7.649999619,1.7199999
7.659999847,1.7199999
7.669999599,1.7199999
7.679999828,1.7199999
7.690000057,1.7199999
7.699999809,1.7199999
7.710000038,1.7199999
7.71999979,1.7199999
7.730000019,1.7199999
7.739999771,1.6999999
7.75,1.6999999
7.759999752,1.7199999
7.769999981,1.6999999
7.779999733,1.7199999
7.789999962,1.7199999
7.799999714,1.7199999
7.809999943,1.7199999
7.819999695,1.6999999
7.829999924,1.74
7.839999676,1.6999999
7.849999905,1.7199999
7.859999657,1.7199999
7.869999886,1.7199999
7.879999638,1.7199999
7.889999866,1.7199999
7.899999619,1.7199999
7.909999847,1.7199999
7.919999599,1.6999999
7.929999828,1.7199999
7.940000057,1.7199999
7.949999809,1.7199999
7.960000038,1.7199999
7.96999979,1.6999999
7.980000019,1.7199999
7.989999771,1.6999999
8,1.7199999
8.010000229,1.7199999
8.019999504,1.7199999
8.029999733,1.7199999
8.039999962,1.7199999
8.050000191,1.7199999
8.059999466,1.7199999
8.069999695,1.7199999
8.079999924,1.7199999
8.090000153,1.7199999
8.099999428,1.6999999
8.109999657,1.7199999
8.119999886,1.7199999
8.130000114,1.7199999
8.13999939,1.6999999
8.149999619,1.7199999
8.159999847,1.7199999
8.170000076,1.6999999
8.179999352,1.6999999
8.18999958,1.6999999
8.199999809,1.7199999
8.210000038,1.6999999
8.220000267,1.6999999
8.229999542,1.6999999
8.239999771,1.7199999
8.25,1.7199999
8.260000229,1.7199999
8.269999504,1.7199999
8.279999733,1.7199999
8.289999962,1.7199999
8.300000191,1.6999999
8.309999466,1.6999999
8.319999695,1.6999999
8.329999924,1.7199999
8.340000153,1.7199999
8.349999428,1.7199999
8.359999657,1.6999999
8.369999886,1.7199999
8.380000114,1.7199999
8.38999939,1.6999999
8.399999619,1.6799999
8.409999847,1.7199999
8.420000076,1.6999999
8.429999352,1.6999999
8.43999958,1.7199999
8.449999809,1.7199999
8.460000038,1.7199999
8.470000267,1.6999999
8.479999542,1.7199999
8.489999771,1.7199999
8.5,1.6999999
8.510000229,1.6999999
8.519999504,1.7199999
8.529999733,1.6999999
8.539999962,1.6999999
8.550000191,1.7199999
8.559999466,1.6999999
8.569999695,1.7199999
8.579999924,1.7199999
8.590000153,1.7199999
8.599999428,1.7199999
8.609999657,1.7199999
8.619999886,1.7199999
8.630000114,1.7199999
8.63999939,1.6999999
8.649999619,1.7199999
8.659999847,1.7199999
8.670000076,1.7199999
8.679999352,1.7199999
8.68999958,1.74
8.699999809,1.7199999
8.710000038,1.7199999
8.720000267,1.7199999
8.729999542,1.74
8.739999771,1.7199999
8.75,1.7199999
8.760000229,1.74
8.769999504,1.7199999
8.779999733,1.7199999
8.789999962,1.7199999
8.800000191,1.7199999
8.809999466,1.7199999
8.819999695,1.7199999
8.829999924,1.7199999
8.840000153,1.7199999
8.849999428,1.7199999
8.859999657,1.74
8.869999886,1.74
8.880000114,1.74
8.88999939,1.74
8.899999619,1.74
8.909999847,1.7199999
8.920000076,1.74
8.929999352,1.7199999
8.93999958,1.74
8.949999809,1.74
8.960000038,1.74
8.970000267,1.74
8.979999542,1.7199999
8.989999771,1.7199999
9,1.74
9.010000229,1.74
9.019999504,1.76
9.029999733,1.74
9.039999962,1.74
9.050000191,1.74
9.059999466,1.7199999
9.069999695,1.74
9.079999924,1.74
9.090000153,1.74
9.099999428,1.7199999
9.109999657,1.76
9.119999886,1.74
9.130000114,1.76
9.13999939,1.74
9.149999619,1.74
9.159999847,1.74
9.170000076,1.74
9.179999352,1.7199999
9.18999958,1.7199999
9.199999809,1.74
9.210000038,1.7199999
9.220000267,1.7199999
9.229999542,1.74
9.239999771,1.7199999
9.25,1.74
9.260000229,1.74
9.269999504,1.74
9.279999733,1.7199999
9.289999962,1.7199999
9.300000191,1.7199999
9.309999466,1.7199999
9.319999695,1.7199999
9.329999924,1.74
9.340000153,1.74
9.349999428,1.7199999
9.359999657,1.74
9.369999886,1.6999999
9.380000114,1.7199999
9.38999939,1.7199999
9.399999619,1.7199999
9.409999847,1.7199999
9.420000076,1.6999999
9.429999352,1.6999999
9.43999958,1.6999999
9.449999809,1.7199999
9.460000038,1.7199999
9.469999313,1.6999999
9.479999542,1.7199999
9.489999771,1.7199999
9.5,1.7199999
9.510000229,1.6999999
9.519999504,1.7199999
9.529999733,1.6999999
9.539999962,1.6999999
9.550000191,1.6999999
9.559999466,1.6999999
9.569999695,1.6999999
9.579999924,1.6999999
9.590000153,1.6799999
9.599999428,1.6999999
9.609999657,1.7199999
9.619999886,1.6999999
9.630000114,1.7199999
9.63999939,1.7199999
9.649999619,1.6999999
9.659999847,1.6999999
9.670000076,1.6799999
9.679999352,1.6999999
9.68999958,1.6999999
9.699999809,1.6999999
9.710000038,1.6999999
9.719999313,1.6999999
9.729999542,1.6999999
9.739999771,1.6799999
9.75,1.6799999
9.760000229,1.6999999
9.769999504,1.6999999
9.779999733,1.6999999
9.789999962,1.6999999
9.800000191,1.6999999
9.809999466,1.6999999
9.819999695,1.6999999
9.829999924,1.6999999
9.840000153,1.6799999
9.849999428,1.6799999
9.859999657,1.6799999
9.869999886,1.6999999
9.880000114,1.6999999
9.88999939,1.6999999
9.899999619,1.6799999
9.909999847,1.6999999
9.920000076,1.6999999
9.929999352,1.6999999
9.93999958,1.6999999
9.949999809,1.6999999
9.960000038,1.6999999
9.969999313,1.66
9.979999542,1.6799999
9.989999771,1.6799999
10,1.6999999
10.0100002,1.6999999
10.0199995,1.6999999
10.0299997,1.6999999
10.04,1.6799999
10.0500002,1.6999999
10.0599995,1.7199999
10.0699997,1.7199999
10.0799999,1.6999999
10.0900002,1.6799999
10.0999994,1.7199999
10.1099997,1.7199999
10.1199999,1.6999999
10.1300001,1.7199999
10.1399994,1.7199999
10.1499996,1.74
10.1599998,1.7199999
10.1700001,1.7199999
10.1799994,1.7199999
10.1899996,1.6999999
10.1999998,1.7199999
10.21,1.7199999
10.2199993,1.7199999
10.2299995,1.7199999
10.2399998,1.7199999
10.25,1.7199999
10.2600002,1.7199999
10.2699995,1.7199999
10.2799997,1.7199999
10.29,1.7199999
10.3000002,1.7199999
10.3099995,1.7199999
10.3199997,1.74
10.3299999,1.74
10.3400002,1.7199999
10.3499994,1.74
10.3599997,1.7199999
10.3699999,1.74
10.3800001,1.76
10.3899994,1.74
10.3999996,1.74
10.4099998,1.74
10.4200001,1.7199999
10.4299994,1.74
10.4399996,1.74
10.4499998,1.7199999
10.46,1.74
10.4699993,1.74
10.4799995,1.74
10.4899998,1.7199999
10.5,1.74
10.5100002,1.74
10.5199995,1.7199999
10.5299997,1.74
10.54,1.76
10.5500002,1.74
10.5599995,1.76
10.5699997,1.7199999
10.5799999,1.74
10.5900002,1.7199999
10.5999994,1.74
10.6099997,1.76
10.6199999,1.74
10.6300001,1.74
10.6399994,1.7199999
10.6499996,1.74
10.6599998,1.74
10.6700001,1.76
10.6799994,1.76
10.6899996,1.76
10.6999998,1.74
10.71,1.7199999
10.7199993,1.76
10.7299995,1.74
10.7399998,1.7199999
10.75,1.74
10.7600002,1.74
10.7699995,1.74
10.7799997,1.74
10.79,1.74
10.8000002,1.74
10.8099995,1.74
10.8199997,1.74
10.8299999,1.78
10.8400002,1.74
10.8499994,1.74
10.8599997,1.74
10.8699999,1.76
10.8800001,1.76
10.8899994,1.74
10.8999996,1.74
10.9099998,1.76
10.9200001,1.74
10.9299994,1.76
10.9399996,1.74
10.9499998,1.76
10.96,1.74
10.9699993,1.76
10.9799995,1.74
10.9899998,1.74
11,1.74
11.0100002,1.74
11.0199995,1.74
11.0299997,1.76
11.04,1.7199999
11.0500002,1.7199999
11.0599995,1.76
11.0699997,1.74
11.0799999,1.76
11.0900002,1.76
11.0999994,1.76
11.1099997,1.76
11.1199999,1.76
11.1300001,1.74
11.1399994,1.76
11.1499996,1.74
11.1599998,1.74
11.1700001,1.76
11.1799994,1.74
11.1899996,1.76
11.1999998,1.74
11.21,1.74
11.2199993,1.74
11.2299995,1.7199999
11.2399998,1.7199999
11.25,1.7199999
11.2599993,1.7199999
11.2699995,1.74
11.2799997,1.7199999
11.29,1.7199999
11.3000002,1.7199999
11.3099995,1.7199999
11.3199997,1.7199999
11.3299999,1.7199999
11.3400002,1.7199999
11.3499994,1.6999999
11.3599997,1.7199999
11.3699999,1.6999999
11.3800001,1.6799999
11.3899994,1.66
11.3999996,1.66
11.4099998,1.6799999
11.4200001,1.6799999
11.4299994,1.66
11.4399996,1.6999999
11.4499998,1.66
11.46,1.6799999
11.4699993,1.66
11.4799995,1.66
11.4899998,1.64
11.5,1.66
11.5099993,1.66
11.5199995,1.64
11.5299997,1.64
11.54,1.62
11.5500002,1.64
11.5599995,1.64
11.5699997,1.64
11.5799999,1.64
11.5900002,1.62
11.5999994,1.64
11.6099997,1.62
11.6199999,1.62
11.6300001,1.62
11.6399994,1.62
11.6499996,1.64
11.6599998,1.64
11.6700001,1.62
11.6799994,1.64
11.6899996,1.64
11.6999998,1.64
11.71,1.62
11.7199993,1.62
11.7299995,1.62
11.7399998,1.62
11.75,1.64
11.7599993,1.64
11.7699995,1.64
11.7799997,1.64
11.79,1.64
11.8000002,1.64
11.8099995,1.66
11.8199997,1.66
11.8299999,1.66
11.8400002,1.66
11.8499994,1.66
11.8599997,1.64
11.8699999,1.64
11.8800001,1.66
11.8899994,1.6799999
11.8999996,1.6799999
11.9099998,1.6799999
11.9200001,1.6799999
11.9299994,1.6799999
11.9399996,1.6999999
11.9499998,1.7199999
11.96,1.6999999
11.9699993,1.6999999
11.9799995,1.6999999
11.9899998,1.6999999
12,1.7199999
12.0099993,1.7199999
12.0199995,1.7199999
12.0299997,1.7199999
12.04,1.7199999
12.0500002,1.7199999
12.0599995,1.7199999
12.0699997,1.74
12.0799999,1.7199999
12.0900002,1.7199999
12.0999994,1.7199999
12.1099997,1.74
12.1199999,1.7199999
12.1300001,1.7199999
12.1399994,1.7199999
12.1499996,1.74
12.1599998,1.74
12.1700001,1.74
12.1799994,1.7199999
12.1899996,1.74
12.1999998,1.7199999
12.21,1.74
12.2199993,1.74
12.2299995,1.7199999
12.2399998,1.7199999
12.25,1.76
12.2599993,1.7199999
12.2699995,1.74
12.2799997,1.74
12.29,1.74
12.3000002,1.7199999
12.3099995,1.76
12.3199997,1.74
12.3299999,1.74
12.3400002,1.7199999
12.3499994,1.74
12.3599997,1.74
12.3699999,1.74
12.3800001,1.74
12.3899994,1.74
12.3999996,1.76
12.4099998,1.7199999
12.4200001,1.7199999
12.4299994,1.76
12.4399996,1.74
12.4499998,1.76
12.46,1.7199999
12.4699993,1.76
12.4799995,1.74
12.4899998,1.76
12.5,1.74
12.5099993,1.7199999
12.5199995,1.74
12.5299997,1.74
12.54,1.74
12.5500002,1.76
12.5599995,1.74
12.5699997,1.74
12.5799999,1.74
12.5900002,1.76
12.5999994,1.74
12.6099997,1.74
12.6199999,1.74
12.6300001,1.76
12.6399994,1.74
12.6499996,1.7199999
12.6599998,1.74
12.6700001,1.74
12.6799994,1.74
12.6899996,1.74
12.6999998,1.74
12.71,1.74
12.7199993,1.7199999
12.7299995,1.7199999
12.7399998,1.7199999
12.75,1.76
12.7599993,1.74
12.7699995,1.7199999
12.7799997,1.74
12.79,1.7199999
12.7999992,1.7199999
12.8099995,1.74
12.8199997,1.7199999
12.8299999,1.7199999
12.8400002,1.74
12.8499994,1.7199999
12.8599997,1.7199999
12.8699999,1.6999999
12.8800001,1.7199999
12.8899994,1.7199999
12.8999996,1.7199999
12.9099998,1.7199999
12.9200001,1.6999999
12.9299994,1.7199999
12.9399996,1.6999999
12.9499998,1.6999999
12.96,1.7199999
12.9699993,1.74
12.9799995,1.7199999
12.9899998,1.6999999
13,1.7199999
13.0099993,1.6799999
13.0199995,1.7199999
13.0299997,1.6999999
13.04,1.6999999
13.0499992,1.6799999
13.0599995,1.6999999
13.0699997,1.6999999
13.0799999,1.6999999
13.0900002,1.6999999
13.0999994,1.6799999
13.1099997,1.66
13.1199999,1.6799999
13.1300001,1.6799999
13.1399994,1.66
13.1499996,1.6799999
13.1599998,1.66
13.1700001,1.6799999
13.1799994,1.66
13.1899996,1.66
13.1999998,1.66
13.21,1.64
13.2199993,1.64
13.2299995,1.64
13.2399998,1.66
13.25,1.64
13.2599993,1.64
13.2699995,1.64
13.2799997,1.64
13.29,1.64
13.2999992,1.62
13.3099995,1.64
13.3199997,1.62
13.3299999,1.62
13.3400002,1.5999999
13.3499994,1.62
13.3599997,1.5799999
13.3699999,1.62
13.3800001,1.5999999
13.3899994,1.5999999
13.3999996,1.5999999
13.4099998,1.5999999
13.4200001,1.5999999
13.4299994,1.5799999
13.4399996,1.5999999
13.4499998,1.5799999
13.46,1.5799999
13.4699993,1.5599999
13.4799995,1.5999999
13.4899998,1.5999999
13.5,1.5599999
13.5099993,1.5799999
13.5199995,1.5799999
13.5299997,1.5799999
13.54,1.5799999
13.5499992,1.5599999
13.5599995,1.5799999
13.5699997,1.5799999
13.5799999,1.5999999
13.5900002,1.5799999
13.5999994,1.5599999
13.6099997,1.5999999
13.6199999,1.5999999
13.6300001,1.5599999
13.6399994,1.5799999
13.6499996,1.5799999
13.6599998,1.5799999
13.6700001,1.5799999
13.6799994,1.5799999
13.6899996,1.5599999
13.6999998,1.5799999
13.71,1.5599999
13.7199993,1.5799999
13.7299995,1.5799999
13.7399998,1.5799999
13.75,1.5799999
13.7599993,1.5999999
13.7699995,1.5599999
13.7799997,1.5799999
13.79,1.5799999
13.7999992,1.5999999
13.8099995,1.5799999
13.8199997,1.5799999
13.8299999,1.5799999
13.8400002,1.5999999
13.8499994,1.5799999
13.8599997,1.5799999
13.8699999,1.5799999
13.8800001,1.5799999
13.8899994,1.5799999
13.8999996,1.5999999
13.9099998,1.5999999
13.9200001,1.5999999
13.9299994,1.5999999
13.9399996,1.5999999
13.9499998,1.62
13.96,1.5999999
13.9699993,1.5999999
13.9799995,1.5799999
13.9899998,1.62
14,1.5999999
14.0099993,1.5999999
14.0199995,1.62
14.0299997,1.5999999
14.04,1.62
14.0499992,1.5999999
14.0599995,1.64
14.0699997,1.62
14.0799999,1.64
14.0900002,1.64
14.0999994,1.64
14.1099997,1.64
14.1199999,1.64
14.1300001,1.64
14.1399994,1.64
14.1499996,1.64
14.1599998,1.66
14.1700001,1.64
14.1799994,1.66
14.1899996,1.66
14.1999998,1.64
14.21,1.6799999
14.2199993,1.66
14.2299995,1.66
14.2399998,1.66
14.25,1.6799999
14.2599993,1.6799999
14.2699995,1.66
14.2799997,1.6799999
14.29,1.6799999
14.2999992,1.66
14.3099995,1.6799999
14.3199997,1.66
14.3299999,1.6799999
14.3400002,1.6999999
14.3499994,1.6799999
14.3599997,1.6799999
14.3699999,1.6799999
14.3800001,1.7199999
14.3899994,1.6999999
14.3999996,1.6999999
14.4099998,1.6799999
14.4200001,1.66
14.4299994,1.6799999
14.4399996,1.6999999
14.4499998,1.66
14.46,1.6799999
14.4699993,1.6799999
14.4799995,1.6999999
14.4899998,1.6999999
14.5,1.6999999
14.5099993,1.6999999
14.5199995,1.6999999
14.5299997,1.6999999
14.54,1.6999999
14.5499992,1.6999999
14.5599995,1.7199999
14.5699997,1.6999999
14.5799999,1.6999999
14.5899992,1.6999999
14.5999994,1.7199999
14.6099997,1.7199999
14.6199999,1.7199999
14.6300001,1.7199999
14.6399994,1.7199999
14.6499996,1.7199999
14.6599998,1.7199999
14.6700001,1.7199999
14.6799994,1.7199999
14.6899996,1.7199999
14.6999998,1.7199999
14.71,1.7199999
14.7199993,1.7199999
14.7299995,1.7199999
14.7399998,1.74
14.75,1.7199999
14.7599993,1.7199999
14.7699995,1.74
14.7799997,1.74
14.79,1.74
14.7999992,1.76
14.8099995,1.74
14.8199997,1.74
14.8299999,1.76
14.8399992,1.74
14.8499994,1.76
14.8599997,1.74
14.8699999,1.74
14.8800001,1.74
14.8899994,1.7199999
14.8999996,1.76
14.9099998,1.74
14.9200001,1.74
14.9299994,1.78
14.9399996,1.76
14.9499998,1.76
14.96,1.78
14.9699993,1.76
14.9799995,1.76
14.9899998,1.76
15,1.76
15.0099993,1.76
15.0199995,1.78
15.0299997,1.76
15.04,1.78
15.0499992,1.76
15.0599995,1.8
15.0699997,1.76
15.0799999,1.78
15.0899992,1.78
15.0999994,1.78
15.1099997,1.8
15.1199999,1.78
15.1300001,1.78
15.1399994,1.78
15.1499996,1.8
15.1599998,1.8
15.1700001,1.78
15.1799994,1.78
15.1899996,1.76
15.1999998,1.78
15.21,1.76
15.2199993,1.78
15.2299995,1.78
15.2399998,1.8199999
15.25,1.8
15.2599993,1.78
15.2699995,1.8
15.2799997,1.76
15.29,1.78
15.2999992,1.8
15.3099995,1.76
15.3199997,1.76
15.3299999,1.76
15.3399992,1.78
15.3499994,1.76
15.3599997,1.74
15.3699999,1.78
15.3800001,1.76
15.3899994,1.74
15.3999996,1.78
15.4099998,1.76
15.4200001,1.76
15.4299994,1.76
15.4399996,1.76
15.4499998,1.74
15.46,1.74
15.4699993,1.74
15.4799995,1.7199999
15.4899998,1.76
15.5,1.7199999
15.5099993,1.74
15.5199995,1.7199999
15.5299997,1.7199999
15.54,1.74
15.5499992,1.7199999
15.5599995,1.74
15.5699997,1.6999999
15.5799999,1.7199999
15.5899992,1.7199999
15.5999994,1.6999999
15.6099997,1.7199999
15.6199999,1.7199999
15.6300001,1.74
15.6399994,1.7199999
15.6499996,1.6999999
15.6599998,1.6799999
15.6700001,1.7199999
15.6799994,1.6999999
15.6899996,1.7199999
15.6999998,1.6999999
15.71,1.6999999
15.7199993,1.6999999
15.7299995,1.6999999
15.7399998,1.6999999
15.75,1.6999999
15.7599993,1.7199999
15.7699995,1.6999999
15.7799997,1.6999999
15.79,1.6999999
15.7999992,1.6999999
15.8099995,1.6999999
15.8199997,1.6999999
15.8299999,1.6999999
15.8399992,1.6999999
15.8499994,1.6999999
15.8599997,1.6999999
15.8699999,1.6999999
15.8800001,1.6799999
15.8899994,1.6999999
15.8999996,1.6799999
15.9099998,1.6799999
15.9200001,1.6799999
15.9299994,1.7199999
15.9399996,1.6799999
15.9499998,1.6799999
15.96,1.6799999
15.9699993,1.6999999
15.9799995,1.6999999
15.9899998,1.7199999
16,1.7199999
16.0100002,1.6999999
16.0200005,1.6999999
16.0299988,1.6999999
16.039999,1.6799999
16.0499992,1.6999999
16.0599995,1.6999999
16.0699997,1.6799999
16.0799999,1.6999999
16.0900002,1.6799999
16.1000004,1.6799999
16.1099987,1.6799999
16.1199989,1.6799999
16.1299992,1.6799999
16.1399994,1.6999999
16.1499996,1.6799999
16.1599998,1.6799999
16.1700001,1.6799999
16.1800003,1.6999999
16.1900005,1.7199999
16.1999989,1.6999999
16.2099991,1.6799999
16.2199993,1.6999999
16.2299995,1.6799999
16.2399998,1.66
16.25,1.6799999
16.2600002,1.6999999
16.2700005,1.6999999
16.2799988,1.6799999
16.289999,1.6799999
16.2999992,1.6799999
16.3099995,1.66
16.3199997,1.66
16.3299999,1.6999999
16.3400002,1.6799999
16.3500004,1.6799999
16.3599987,1.6799999
16.3699989,1.66
16.3799992,1.64
16.3899994,1.66
16.3999996,1.6799999
16.4099998,1.66
16.4200001,1.66
16.4300003,1.6799999
16.4400005,1.66
16.4499989,1.66
16.4599991,1.66
16.4699993,1.66
16.4799995,1.6799999
16.4899998,1.66
16.5,1.6799999
16.5100002,1.6799999
16.5200005,1.66
16.5299988,1.66
16.539999,1.6799999
16.5499992,1.66
16.5599995,1.66
16.5699997,1.6799999
16.5799999,1.6799999
16.5900002,1.66
16.6000004,1.66
16.6099987,1.66
16.6199989,1.66
16.6299992,1.66
16.6399994,1.64
16.6499996,1.6799999
16.6599998,1.66
16.6700001,1.66
16.6800003,1.6799999
16.6900005,1.66
16.6999989,1.6799999
16.7099991,1.6799999
16.7199993,1.6799999
16.7299995,1.64
16.7399998,1.66
16.75,1.66
16.7600002,1.66
16.7700005,1.6799999
16.7799988,1.6799999
16.789999,1.66
16.7999992,1.66
16.8099995,1.6799999
16.8199997,1.6799999
16.8299999,1.6799999
16.8400002,1.66
16.8500004,1.6799999
16.8599987,1.6999999
16.8699989,1.6799999
16.8799992,1.6999999
16.8899994,1.7199999
16.8999996,1.6999999
16.9099998,1.6999999
16.9200001,1.6799999
16.9300003,1.6999999
16.9400005,1.7199999
16.9499989,1.6999999
16.9599991,1.7199999
16.9699993,1.7199999
16.9799995,1.6799999
16.9899998,1.6999999
17,1.7199999
17.0100002,1.6999999
17.0200005,1.7199999
17.0299988,1.6999999
17.039999,1.7199999
17.0499992,1.6999999
17.0599995,1.7199999
17.0699997,1.7199999
17.0799999,1.7199999
17.0900002,1.7199999
17.1000004,1.7199999
17.1099987,1.6999999
17.1199989,1.6999999
17.1299992,1.7199999
17.1399994,1.7199999
17.1499996,1.6999999
17.1599998,1.7199999
17.1700001,1.6999999
17.1800003,1.6999999
17.1900005,1.6799999
17.1999989,1.6999999
17.2099991,1.6799999
17.2199993,1.6999999
17.2299995,1.7199999
17.2399998,1.6799999
17.25,1.6999999
17.2600002,1.6799999
17.2700005,1.6799999
17.2799988,1.66
17.289999,1.6999999
17.2999992,1.6999999
17.3099995,1.6999999
17.3199997,1.6999999
17.3299999,1.6799999
17.3400002,1.6799999
17.3500004,1.6799999
17.3599987,1.6999999
17.3699989,1.6999999
17.3799992,1.66
17.3899994,1.66
17.3999996,1.6799999
17.4099998,1.6999999
17.4200001,1.6799999
17.4300003,1.6799999
17.4400005,1.6999999
17.4499989,1.66
17.4599991,1.6799999
17.4699993,1.6999999
17.4799995,1.6799999
17.4899998,1.6799999
17.5,1.6799999
17.5100002,1.6999999
17.5200005,1.6999999
17.5299988,1.6799999
17.539999,1.6999999
17.5499992,1.6999999
17.5599995,1.6999999
17.5699997,1.6999999
17.5799999,1.6999999
17.5900002,1.6999999
17.6000004,1.6999999
17.6099987,1.7199999
17.6199989,1.7199999
17.6299992,1.7199999
17.6399994,1.7199999
17.6499996,1.7199999
17.6599998,1.7199999
17.6700001,1.7199999
17.6800003,1.74
17.6900005,1.7199999
17.6999989,1.7199999
17.7099991,1.7199999
17.7199993,1.7199999
17.7299995,1.7199999
17.7399998,1.74
17.75,1.74
17.7600002,1.7199999
17.7700005,1.74
17.7799988,1.74
17.789999,1.76
17.7999992,1.76
17.8099995,1.76
17.8199997,1.76
17.8299999,1.78
17.8400002,1.78
17.8500004,1.76
17.8599987,1.78
17.8699989,1.76
17.8799992,1.78
17.8899994,1.78
17.8999996,1.78
17.9099998,1.78
17.9200001,1.8
17.9300003,1.76
17.9400005,1.78
17.9499989,1.8199999
17.9599991,1.78
17.9699993,1.8
17.9799995,1.78
17.9899998,1.8
18,1.8
18.0100002,1.78
18.0200005,1.8
18.0299988,1.8
18.039999,1.78
18.0499992,1.8
18.0599995,1.8399999
18.0699997,1.78
18.0799999,1.8
18.0900002,1.8
18.1000004,1.8
18.1099987,1.8
18.1199989,1.8
18.1299992,1.8199999
18.1399994,1.8
18.1499996,1.8
18.1599998,1.8
18.1700001,1.8
18.1800003,1.8
18.1900005,1.8
18.1999989,1.8199999
18.2099991,1.8
18.2199993,1.8
18.2299995,1.8199999
18.2399998,1.8
18.25,1.8
18.2600002,1.8199999
18.2700005,1.8
18.2799988,1.8
18.289999,1.8
18.2999992,1.8
18.3099995,1.78
18.3199997,1.78
18.3299999,1.78
18.3400002,1.78
18.3500004,1.78
18.3599987,1.78
18.3699989,1.76
18.3799992,1.78
18.3899994,1.78
18.3999996,1.78
18.4099998,1.76
18.4200001,1.8
18.4300003,1.76
18.4400005,1.78
18.4499989,1.76
18.4599991,1.76
18.4699993,1.74
18.4799995,1.76
18.4899998,1.76
18.5,1.76
18.5100002,1.76
18.5200005,1.74
18.5299988,1.76
18.539999,1.76
18.5499992,1.76
18.5599995,1.74
18.5699997,1.74
18.5799999,1.74
18.5900002,1.7199999
18.6000004,1.7199999
18.6099987,1.74
18.6199989,1.7199999
18.6299992,1.74
18.6399994,1.7199999
18.6499996,1.7199999
18.6599998,1.7199999
18.6700001,1.7199999
18.6800003,1.74
18.6900005,1.7199999
18.6999989,1.7199999
18.7099991,1.7199999
18.7199993,1.7199999
18.7299995,1.7199999
18.7399998,1.6999999
18.75,1.6999999
18.7600002,1.7199999
18.7700005,1.7199999
18.7799988,1.7199999
18.789999,1.7199999
18.7999992,1.6999999
18.8099995,1.7199999
18.8199997,1.7199999
18.8299999,1.6999999
18.8400002,1.7199999
18.8500004,1.6799999
18.8599987,1.6799999
18.8699989,1.6799999
18.8799992,1.6799999
18.8899994,1.6999999
18.8999996,1.66
18.9099998,1.6799999
18.9200001,1.6799999
18.9300003,1.6799999
18.9399986,1.6799999
18.9499989,1.6999999
18.9599991,1.6799999
18.9699993,1.6799999
18.9799995,1.6999999
18.9899998,1.66
19,1.6799999
19.0100002,1.6999999
19.0200005,1.66
19.0299988,1.66
19.039999,1.6799999
19.0499992,1.66
19.0599995,1.66
19.0699997,1.6799999
19.0799999,1.66
19.0900002,1.6799999
19.1000004,1.6799999
19.1099987,1.6799999
19.1199989,1.66
19.1299992,1.6799999
19.1399994,1.66
19.1499996,1.66
19.1599998,1.6799999
19.1700001,1.6799999
19.1800003,1.6799999
19.1899986,1.6799999
19.1999989,1.66
19.2099991,1.66
19.2199993,1.66
19.2299995,1.6799999
19.2399998,1.66
19.25,1.6999999
19.2600002,1.66
19.2700005,1.6799999
19.2799988,1.66
19.289999,1.6799999
19.2999992,1.66
19.3099995,1.66
19.3199997,1.66
19.3299999,1.66
19.3400002,1.6799999
19.3500004,1.6799999
19.3599987,1.6999999
19.3699989,1.6799999
19.3799992,1.6799999
19.3899994,1.6799999
19.3999996,1.6799999
19.4099998,1.6999999
19.4200001,1.6799999
19.4300003,1.6799999
19.4399986,1.6799999
19.4499989,1.6799999
19.4599991,1.6999999
19.4699993,1.6999999
19.4799995,1.6999999
19.4899998,1.6999999
19.5,1.6799999
19.5100002,1.6999999
19.5200005,1.6999999
19.5299988,1.7199999
19.539999,1.7199999
19.5499992,1.7199999
19.5599995,1.6999999
19.5699997,1.6999999
19.5799999,1.6999999
19.5900002,1.6999999
19.6000004,1.6999999
19.6099987,1.7199999
19.6199989,1.7199999
19.6299992,1.6999999
19.6399994,1.74
19.6499996,1.7199999
19.6599998,1.7199999
19.6700001,1.6999999
19.6800003,1.7199999
19.6899986,1.7199999
19.6999989,1.7199999
19.7099991,1.7199999
19.7199993,1.7199999
19.7299995,1.76
19.7399998,1.7199999
19.75,1.7199999
19.7600002,1.74
19.7700005,1.7199999
19.7799988,1.7199999
19.789999,1.7199999
19.7999992,1.7199999
19.8099995,1.7199999
19.8199997,1.76
19.8299999,1.7199999
19.8400002,1.7199999
19.8500004,1.7199999
19.8599987,1.7199999
19.8699989,1.7199999
19.8799992,1.74
19.8899994,1.7199999
19.8999996,1.7199999
19.9099998,1.7199999
19.9200001,1.7199999
19.9300003,1.7199999
19.9399986,1.7199999
19.9499989,1.7199999
19.9599991,1.7199999
19.9699993,1.7199999
19.9799995,1.7199999
19.9899998,1.7199999
20,1.7199999
20.0100002,1.7199999
20.0200005,1.7199999
20.0299988,1.74
20.039999,1.7199999
20.0499992,1.7199999
20.0599995,1.7199999
20.0699997,1.6999999
20.0799999,1.6999999
20.09000015,1.7199999
20.10000038,1.7199999
20.1099987,1.7199999
20.11999893,1.7199999
20.12999916,1.7199999
20.13999939,1.7199999
20.14999962,1.7199999
20.15999985,1.7199999
20.17000008,1.7199999
20.18000031,1.7199999
20.18999863,1.7199999
20.19999886,1.7199999
20.20999908,1.7199999
20.21999931,1.7199999
20.22999954,1.7199999
20.23999977,1.7199999
20.25,1.7199999
20.26000023,1.6999999
20.27000046,1.6999999
20.27999878,1.7199999
20.28999901,1.7199999
20.29999924,1.7199999
20.30999947,1.6999999
20.31999969,1.74
20.32999992,1.6999999
20.34000015,1.6799999
20.35000038,1.7199999
20.3599987,1.7199999
20.36999893,1.7199999
20.37999916,1.7199999
20.38999939,1.7199999
20.39999962,1.7199999
20.40999985,1.6999999
20.42000008,1.7199999
20.43000031,1.7199999
20.43999863,1.6999999
20.44999886,1.6999999
20.45999908,1.7199999
20.46999931,1.7199999
20.47999954,1.6999999
20.48999977,1.6999999
20.5,1.6999999
20.51000023,1.7199999
20.52000046,1.7199999
20.52999878,1.6999999
20.53999901,1.7199999
20.54999924,1.6999999
20.55999947,1.6999999
20.56999969,1.6999999
20.57999992,1.6999999
20.59000015,1.6799999
20.60000038,1.7199999
20.6099987,1.6799999
20.61999893,1.6999999
20.62999916,1.6999999
20.63999939,1.6999999
20.64999962,1.7199999
20.65999985,1.6799999
20.67000008,1.7199999
20.68000031,1.6999999
20.68999863,1.7199999
20.69999886,1.6999999
20.70999908,1.6999999
20.71999931,1.6999999
20.72999954,1.6999999
20.73999977,1.6999999
20.75,1.6999999
20.76000023,1.6999999
20.77000046,1.6999999
20.77999878,1.6999999
20.78999901,1.6999999
20.79999924,1.6999999
20.80999947,1.7199999
20.81999969,1.6999999
20.82999992,1.6799999
20.84000015,1.6799999
20.85000038,1.6799999
20.8599987,1.7199999
20.86999893,1.6999999
20.87999916,1.6999999
20.88999939,1.6799999
20.89999962,1.7199999
20.90999985,1.6799999
20.92000008,1.6999999
20.93000031,1.6799999
20.93999863,1.6799999
20.94999886,1.6999999
20.95999908,1.6999999
20.96999931,1.6799999
20.97999954,1.6999999
20.98999977,1.66
21,1.6799999
21.01000023,1.6999999
21.02000046,1.66
21.02999878,1.6999999
21.03999901,1.6799999
21.04999924,1.6799999
21.05999947,1.66
21.06999969,1.6799999
21.07999992,1.6799999
21.09000015,1.6799999
21.10000038,1.6999999
21.1099987,1.6799999
21.11999893,1.66
21.12999916,1.6799999
21.13999939,1.66
21.14999962,1.6799999
21.15999985,1.6799999
21.17000008,1.66
21.18000031,1.6799999
21.18999863,1.66
21.19999886,1.66
21.20999908,1.66
21.21999931,1.6799999
21.22999954,1.66
21.23999977,1.6799999
21.25,1.66
21.26000023,1.66
21.27000046,1.66
21.27999878,1.66
21.28999901,1.66
21.29999924,1.66
21.30999947,1.64
21.31999969,1.64
21.32999992,1.64
21.34000015,1.66
21.35000038,1.62
21.3599987,1.64
21.36999893,1.66
21.37999916,1.64
21.38999939,1.66
21.39999962,1.64
21.40999985,1.66
21.42000008,1.66
21.43000031,1.66
21.43999863,1.66
21.44999886,1.66
21.45999908,1.66
21.46999931,1.66
21.47999954,1.66
21.48999977,1.64
21.5,1.66
21.51000023,1.64
21.52000046,1.64
21.52999878,1.64
21.53999901,1.64
21.54999924,1.64
21.55999947,1.64
21.56999969,1.64
21.57999992,1.66
21.59000015,1.62
21.60000038,1.62
21.6099987,1.64
21.61999893,1.64
21.62999916,1.64
21.63999939,1.64
21.64999962,1.66
21.65999985,1.64
21.67000008,1.64
21.68000031,1.64
21.68999863,1.66
21.69999886,1.64
21.70999908,1.66
21.71999931,1.64
21.72999954,1.64
21.73999977,1.64
21.75,1.64
21.76000023,1.64
21.77000046,1.64
21.77999878,1.62
21.78999901,1.64
21.79999924,1.64
21.80999947,1.64
21.81999969,1.64
21.82999992,1.66
21.84000015,1.66
21.85000038,1.64
21.8599987,1.64
21.86999893,1.64
21.87999916,1.62
21.88999939,1.64
21.89999962,1.62
21.90999985,1.64
21.92000008,1.64
21.93000031,1.62
21.93999863,1.64
21.94999886,1.64
21.95999908,1.64
21.96999931,1.64
21.97999954,1.64
21.98999977,1.64
22,1.64
22.01000023,1.64
22.02000046,1.62
22.02999878,1.64
22.03999901,1.64
22.04999924,1.64
22.05999947,1.64
22.06999969,1.64
22.07999992,1.66
22.09000015,1.64
22.10000038,1.64
22.1099987,1.66
22.11999893,1.64
22.12999916,1.66
22.13999939,1.64
22.14999962,1.64
22.15999985,1.66
22.17000008,1.66
22.18000031,1.64
22.18999863,1.66
22.19999886,1.66
22.20999908,1.66
22.21999931,1.66
22.22999954,1.66
22.23999977,1.6799999
22.25,1.6799999
22.26000023,1.6799999
22.26999855,1.66
22.27999878,1.66
22.28999901,1.66
22.29999924,1.66
22.30999947,1.66
22.31999969,1.6799999
22.32999992,1.6799999
22.34000015,1.6799999
22.35000038,1.6799999
22.3599987,1.66
22.36999893,1.6799999
22.37999916,1.6799999
22.38999939,1.66
22.39999962,1.6799999
22.40999985,1.6799999
22.42000008,1.6799999
22.43000031,1.6799999
22.43999863,1.6799999
22.44999886,1.6799999
22.45999908,1.66
22.46999931,1.6799999
22.47999954,1.6799999
22.48999977,1.6799999
22.5,1.6799999
22.51000023,1.6799999
22.51999855,1.6799999
22.52999878,1.6999999
22.53999901,1.6799999
22.54999924,1.6999999
22.55999947,1.6999999
22.56999969,1.6799999
22.57999992,1.6799999
22.59000015,1.6799999
22.60000038,1.6999999
22.6099987,1.6799999
22.61999893,1.6799999
22.62999916,1.6799999
22.63999939,1.6799999
22.64999962,1.6799999
22.65999985,1.6999999
22.67000008,1.6999999
22.68000031,1.6799999
22.68999863,1.6999999
22.69999886,1.6999999
22.70999908,1.6799999
22.71999931,1.6799999
22.72999954,1.6799999
22.73999977,1.6799999
22.75,1.66
22.76000023,1.6799999
22.76999855,1.6999999
22.77999878,1.6999999
22.78999901,1.6999999
22.79999924,1.6799999
22.80999947,1.6999999
22.81999969,1.6999999
22.82999992,1.6799999
22.84000015,1.6799999
22.85000038,1.6999999
22.8599987,1.6799999
22.86999893,1.6799999
22.87999916,1.6999999
22.88999939,1.6999999
22.89999962,1.66
22.90999985,1.6799999
22.92000008,1.6799999
22.93000031,1.6799999
22.93999863,1.66
22.94999886,1.6799999
22.95999908,1.6799999
22.96999931,1.6799999
22.97999954,1.66
22.98999977,1.6999999
23,1.6999999
23.01000023,1.66
23.01999855,1.6999999
23.02999878,1.6799999
23.03999901,1.66
23.04999924,1.7199999
23.05999947,1.6799999
23.06999969,1.66
23.07999992,1.6799999
23.09000015,1.6799999
23.10000038,1.6799999
23.1099987,1.6799999
23.11999893,1.66
23.12999916,1.6799999
23.13999939,1.6999999
23.14999962,1.6799999
23.15999985,1.6799999
23.17000008,1.6799999
23.18000031,1.66
23.18999863,1.66
23.19999886,1.66
23.20999908,1.6799999
23.21999931,1.66
23.22999954,1.66
23.23999977,1.66
23.25,1.64
23.26000023,1.64
23.26999855,1.66
23.27999878,1.64
23.28999901,1.64
23.29999924,1.64
23.30999947,1.64
23.31999969,1.64
23.32999992,1.66
23.34000015,1.62
23.35000038,1.62
23.3599987,1.64
23.36999893,1.64
23.37999916,1.62
23.38999939,1.64
23.39999962,1.62
23.40999985,1.64
23.42000008,1.62
23.43000031,1.62
23.43999863,1.62
23.44999886,1.62
23.45999908,1.62
23.46999931,1.64
23.47999954,1.64
23.48999977,1.64
23.5,1.62
23.51000023,1.62
23.51999855,1.64
23.52999878,1.62
23.53999901,1.62
23.54999924,1.62
23.55999947,1.62
23.56999969,1.62
23.57999992,1.5999999
23.59000015,1.62
23.60000038,1.62
23.6099987,1.64
23.61999893,1.62
23.62999916,1.62
,
,
,
,
,
,
,
,
,
,
,
,
,
,
,
,
,
,
,
,
,
,
,
,
,
,
,
,
,
,
,
,
,
,
,
,
,
,
,
,
,
,
,
,
,
,
,
,
,
,
,
,
,
,
,
,
,
,
,
,
,
,
,
,
,
,
,
,
,
,
,
,
,
,
,
,
,
,
,
,
,
,
,
,
,
,
,
,
,
,
,
,
,
,
,
,
,
,
,
,
,
,
,
,
,
,
,
,
,
,
,
,
,
,
,
,
,
,
,
,
,
,
,
,
,
,
,
,
,
,
,
,
,
,
,
,
